in1,in2,in3,in4,in1,in2,,,
-35.647,41.627,2000,171.73,1350.2,2459.6,,,
-35.636,41.567,2000,167.96,1343.9,2464.1,,,
-35.475,41.862,2000,168.92,1347.9,2466.4,,,
-35.372,41.835,2000,171.59,1355.5,2463.9,,,
-35.431,41.468,2000,172.75,1358.1,2459.6,,,
-34.034,41.822,2000,166.31,1378.4,2479.9,,,
-34.25,41.79,2000,169.92,1380,2474.4,,,
-34.05,41.711,2000,171.55,1388.3,2473.3,,,
-33.823,41.707,2000,170.4,1391.8,2475.9,,,
-32.823,41.781,2000,171.57,1418.4,2479.6,,,
-31.739,41.822,2000,165.9,1434.5,2488.9,,,
-31.447,41.854,2000,169.88,1449.2,2485.8,,,
-31.124,41.9,2000,170.74,1458.6,2485.9,,,
-30.913,41.736,2000,170.34,1464.2,2485.8,,,
-29.883,41.865,2000,169.74,1488,2488.8,,,
-29.27,41.756,2000,170.5,1505.4,2488.3,,,
-28.805,41.901,2000,169.66,1514.3,2490.4,,,
-28.798,41.836,2000,169.94,1515.4,2489.8,,,
-27.734,41.998,2000,169.46,1538.9,2492.3,,,
-27.173,42.144,2000,168.29,1548.6,2494.7,,,
-26.884,41.822,2000,169.6,1559.4,2492,,,
-25.897,42.043,2000,169.45,1578.5,2494.1,,,
-26.125,41.856,2000,169.24,1574.5,2493.2,,,
-25.411,41.836,2000,169.51,1588.9,2493.4,,,
-25.039,41.745,2000,171.08,1598.9,2491.7,,,
-24.526,41.734,2000,173.06,1610.8,2490.2,,,
-23.618,41.689,2000,169.48,1616.9,2494,,,
-22.799,41.955,2000,168.77,1622.8,2496.7,,,
-22.509,41.829,2000,168.95,1625.6,2496.1,,,
-22.4,41.731,2000,169.46,1627.4,2495.2,,,
-21.239,41.963,2000,169.35,1629.2,2497.3,,,
-20.813,41.93,2000,172.75,1633.4,2494.2,,,
-19.917,42.015,2000,171.42,1625.3,2496.6,,,
-20.208,41.631,2000,170.47,1626.9,2495.3,,,
-19.483,41.989,2000,170.32,1619.4,2497.8,,,
-19.121,41.711,2000,168.34,1612.7,2498.5,,,
-18.226,42.053,2000,168.39,1600.6,2500.9,,,
-18.533,41.496,2000,170.56,1608.5,2495.7,,,
-17.594,41.672,2000,170.04,1594.6,2497.8,,,
-16.98,41.562,2000,170.19,1586.5,2497.5,,,
-15.89,41.907,2000,170.03,1571.1,2500.2,,,
-15.972,41.765,2000,170.75,1573.6,2498.7,,,
-15.585,41.771,2000,170.28,1567.7,2499.5,,,
-14.592,41.963,2000,170.3,1554,2501.2,,,
-14.228,41.522,2000,170.63,1549.9,2498.8,,,
-13.019,41.892,2000,170.71,1529,2501.5,,,
-12.855,41.605,2000,170.69,1525.6,2500.2,,,
-12.264,41.733,2000,171.42,1513.8,2500.5,,,
-11.781,41.924,2000,168.02,1494.2,2505.1,,,
-11.738,41.505,2000,168.25,1492.6,2502.7,,,
-10.998,41.461,2000,170.3,1474,2501.1,,,
-10.335,41.436,2000,171.47,1453.3,2500.3,,,
-97.425,41.575,2000,172.01,1432.6,2500.9,,,
-91.002,41.493,2000,169.05,1398.6,2503.8,,,
-87.482,41.448,2000,166.82,1378,2505.9,,,
-76.848,41.64,2000,171.14,1346.7,2503.6,,,
-79.673,41.365,2000,171.23,1357.4,2501.8,,,
-72.041,41.409,2000,172.63,1330.8,2501.3,,,
-69.745,41.448,2000,168.41,1311,2505.7,,,
-67.821,41.266,2000,167.03,1299.7,2506.2,,,
-55.727,41.515,2000,171.63,1268.3,2503.9,,,
-48.906,41.456,2000,173.01,1248.7,2502.8,,,
-42.252,41.426,2000,167.85,1214.7,2508,,,
-36.407,41.454,2000,169.48,1200.8,2507,,,
-3.21,41.375,2000,173.51,1197.7,2503.1,,,
-26.217,41.587,2000,168.4,1168.2,2509.5,,,
-27.032,41.4,2000,168.03,1169.9,2508.8,,,
-15.544,41.31,2000,172.55,1148.7,2504.8,,,
-10.682,41.358,2000,170.75,1131.2,2507.1,,,
-11.227,41.261,2000,168.64,1128,2508.6,,,
-12.717,41.239,2000,168.49,1131.7,2508.5,,,
-0.41548,41.301,2000,172.07,1117.1,2506,,,
0.9411,41.467,2000,171.14,1079.6,2508.8,,,
13.011,41.229,2000,168.62,1065.4,2510.2,,,
19.612,41.245,2000,169.76,1051.5,2509.6,,,
29.206,41.403,2000,170,1028.1,2510.9,,,
30.185,41.212,2000,169.42,1025,2510.5,,,
37.859,41.538,2000,169.33,1005.5,2512.9,,,
38.328,41.139,2000,169.78,1006.4,2510.4,,,
37.165,41.57,2000,169.9,1008.3,2512.4,,,
31.666,41.453,2000,169.72,1021.4,2511.6,,,
23.547,41.272,2000,169.49,1041.1,2510.3,,,
18.062,41.205,2000,173.34,1063.4,2505.9,,,
14.857,41.491,2000,170.65,1064.7,2509.7,,,
0.84104,41.346,2000,169.39,1078.5,2509.7,,,
0.72091,41.718,2000,168.01,1077.6,2512.9,,,
-0.24735,41.283,2000,168.73,1105.1,2509.2,,,
-0.77837,41.444,2000,168.53,1118.3,2509.9,,,
-10.574,41.503,2000,172.85,1135.6,2505.9,,,
-11.263,41.795,2000,170,1130.3,2510.1,,,
-1.486,41.532,2000,168.67,1137.4,2509.7,,,
-23.514,41.097,2000,169.75,1164.5,2505.8,,,
-32.896,41.32,2000,169.67,1190.9,2506.4,,,
-41.504,41.222,2000,173.03,1225.2,2502.1,,,
-41.616,41.533,2000,168.26,1213.6,2508.2,,,
-46.236,41.333,2000,168.08,1227.8,2507,,,
-47.086,41.549,2000,172.54,1241.6,2503.9,,,
-52.784,41.666,2000,171.31,1257.5,2505.2,,,
-60.495,41.818,2000,166.48,1272.3,2510.1,,,
-69.251,41.451,2000,171.28,1316.6,2503,,,
-73.829,41.643,2000,171.53,1335.7,2503.4,,,
-83.185,41.387,2000,171.21,1371.7,2501.7,,,
-88.193,41.406,2000,167.06,1381.4,2505.4,,,
-90.498,41.404,2000,170.93,1401.1,2501.6,,,
-92.249,41.397,2000,172.57,1412.5,2499.9,,,
-10.359,41.673,2000,167.84,1446.2,2505,,,
-10.695,41.665,2000,167.54,1457.7,2505,,,
-11.474,41.716,2000,170.91,1491.3,2501.5,,,
-11.676,41.792,2000,171.57,1498.8,2501.1,,,
-11.91,41.825,2000,170.96,1503.9,2501.7,,,
-12.574,41.537,2000,167.99,1513.9,2502.6,,,
-12.472,41.784,2000,168.64,1513,2503.3,,,
-13.034,41.812,2000,170.64,1529.1,2501.2,,,
-14.27,41.847,2000,171.37,1551.4,2499.8,,,
-15.194,41.684,2000,170.72,1563.4,2498.9,,,
-15.366,41.392,2000,170.62,1566.1,2497.3,,,
-15.34,42.023,2000,169.29,1562.4,2501.9,,,
-16.34,41.802,2000,167.89,1574,2501.4,,,
-17.336,41.762,2000,171.09,1592.4,2497.4,,,
-17.687,41.778,2000,170.35,1596.2,2498,,,
-18.059,41.723,2000,169.94,1600.9,2497.8,,,
-18.385,41.726,2000,170.42,1606.1,2497.1,,,
-19.353,41.621,2000,169.9,1617.8,2496.4,,,
-20.217,41.542,2000,170.15,1626.6,2495.1,,,
-20.382,41.617,2000,170.6,1628.4,2495,,,
-20.964,41.786,2000,168.7,1628,2497.2,,,
-21.503,41.936,2000,169.35,1629.4,2497,,,
-21.926,41.823,2000,168.88,1628.2,2496.6,,,
-21.712,41.965,2000,169.77,1629.8,2496.6,,,
-21.906,41.82,2000,170.46,1630.9,2495,,,
-22.733,42.051,2000,169.58,1624.3,2496.5,,,
-23.947,41.797,2000,169.09,1611.6,2494.7,,,
-24.845,41.784,2000,169.26,1598.6,2493.8,,,
-25.047,41.92,2000,169.66,1595.3,2494,,,
-25.95,41.769,2000,170.63,1581.1,2491.5,,,
-26.024,42.077,2000,172.37,1581.2,2491.4,,,
-26.693,41.669,2000,169.48,1564.2,2491.5,,,
-26.818,41.825,2000,169.42,1560.5,2492.2,,,
-28.193,41.692,2000,169.75,1530.4,2489.9,,,
-28.42,41.711,2000,169.48,1524.4,2490.1,,,
-29.241,41.651,2000,169.95,1505.6,2488.3,,,
-29.567,41.824,2000,170.32,1497.2,2488.5,,,
-29.447,42.115,2000,171.11,1500,2489.4,,,
-30.828,41.746,2000,169.3,1464.2,2487,,,
-31.207,41.804,2000,170.02,1455.7,2485.9,,,
-31.974,41.693,2000,170.43,1437.9,2483,,,
-31.908,42.054,2000,169.88,1436.4,2485.7,,,
-32.603,41.764,2000,170.46,1421.9,2481.4,,,
-33.472,41.75,2000,171.62,1402.5,2476.6,,,
-33.762,41.869,2000,170.93,1393.4,2476.6,,,
-33.997,41.766,2000,171.08,1388.4,2474.5,,,
-34.973,41.576,2000,170.44,1364.4,2467.3,,,
-35.564,41.801,2000,166.38,1341.5,2468.2,,,
-35.617,41.662,2000,171.87,1351,2460,,,
-35.914,41.602,2000,171.11,1342.8,2457.3,,,
-35.762,41.68,2000,171.74,1347.1,2458.7,,,
-35.715,41.79,2000,166.55,1338.2,2466.5,,,
-35.601,41.815,2000,170.83,1348.6,2462.4,,,
-35.551,41.926,2000,171.3,1350.1,2463.1,,,
-35.729,41.555,2000,171.36,1347.9,2458.8,,,
-35.35,41.944,2000,166.31,1345.7,2471.2,,,
-35.765,41.849,2000,171.29,1345.3,2460.3,,,
-35.392,41.819,2000,172.38,1356.5,2462.6,,,
-34.555,41.975,2000,167.68,1367.4,2476,,,
-34.049,41.908,2000,166.93,1378.7,2479.6,,,
-33.729,41.945,2000,169.62,1391.3,2478.6,,,
-32.819,41.837,2000,171.19,1417.4,2480.3,,,
-32.338,41.99,2000,170.88,1427.9,2483.1,,,
-32.268,41.096,2000,170.61,1434.4,2478.7,,,
-31.983,40.142,2000,169.98,1446.1,2475,,,
-31.326,40.797,2000,170.42,1459.6,2479.8,,,
-30.148,40.637,2000,171.34,1492,2480.3,,,
-30.007,40.637,2000,166.04,1485.3,2485.7,,,
-29.696,40.693,2000,168.29,1497.1,2484.3,,,
-28.724,40.084,2000,170.01,1528,2480.6,,,
-28.421,40.145,2000,170.87,1536.5,2480.5,,,
-28.278,39.909,2000,168.38,1536.6,2481.8,,,
-27.552,39.628,2000,168.88,1555.9,2480.6,,,
-26.803,39.481,2000,170.56,1576.2,2478.9,,,
-26.203,39.463,2000,169.53,1586.5,2480.3,,,
-25.404,39.314,2000,169.19,1601.3,2480.5,,,
-25.011,39.287,2000,173.98,1616.6,2476.1,,,
-24.305,39.381,2000,170.62,1620.2,2480.4,,,
-24.603,38.905,2000,169.78,1616.9,2478.4,,,
-23.593,38.856,2000,170.51,1630.5,2478.3,,,
-23.068,38.739,2000,170.47,1635.3,2478.1,,,
-22.246,38.391,2000,169.4,1638.5,2477.9,,,
-21.796,38.785,2000,168.54,1636.4,2481.1,,,
-21.59,38.464,2000,169.01,1637.8,2479.1,,,
-21.225,38.511,2000,170.18,1638.5,2478.5,,,
-20.36,38.092,2000,170.54,1634.3,2476.6,,,
-19.822,38.235,2000,169.76,1627.6,2478.5,,,
-19.763,37.734,2000,170.05,1628.2,2475.7,,,
-18.937,38,2000,170.34,1618.4,2477.4,,,
-18.13,37.663,2000,170.72,1609.3,2475.8,,,
-17.552,37.36,2000,170.41,1602,2475,,,
-17.235,37.1,2000,169.87,1597.8,2474.3,,,
-16.528,37.479,2000,170.19,1588.4,2476.5,,,
-16.286,36.984,2000,170.44,1586.8,2473.9,,,
-15.416,37.184,2000,170.43,1574.3,2475.5,,,
-14.907,36.921,2000,170.34,1566.5,2474.6,,,
-14.492,36.93,2000,171.13,1560.7,2474.2,,,
-14.431,36.41,2000,167.3,1552.3,2475.2,,,
-13.413,36.453,2000,168.06,1530.4,2475.4,,,
-12.95,36.124,2000,171.45,1525.1,2470.8,,,
-12.537,36.426,2000,172.34,1515.3,2471.8,,,
-12.008,35.657,2000,168.17,1486.1,2472.2,,,
-11.414,35.713,2000,168.83,1466.7,2472.2,,,
-10.993,35.507,2000,171.91,1458.6,2468.5,,,
-10.242,35.359,2000,171.61,1429.3,2468.6,,,
-10.083,35.588,2000,166.87,1411.3,2474.4,,,
-93.709,35.395,2000,170.29,1393.4,2470.6,,,
-9.004,34.876,2000,173.05,1386.6,2465.6,,,
-86.085,35.329,2000,168.4,1360.8,2472.6,,,
-74.241,35.022,2000,167.04,1317,2473.1,,,
-74.598,34.793,2000,172.13,1331.3,2467.1,,,
-66.826,34.713,1999.9,171.01,1303.6,2468.3,,,
-57.734,34.78,2000,166.73,1265.2,2473.3,,,
-57.319,34.084,2000,172.29,1278.7,2464.5,,,
-47.823,34.219,2000,170.95,1247.7,2467.1,,,
-46.463,33.979,2000,166.56,1233.7,2470.1,,,
-38.044,33.85,2000,173.35,1226.9,2463.6,,,
-30.426,34.031,2000,170.31,1198.6,2468,,,
-2.603,33.745,2000,166.25,1178.1,2470.6,,,
-25.028,33.754,2000,171.95,1188.8,2465.4,,,
-16.409,33.326,2000,173.29,1170.6,2462.5,,,
-15.103,33.14,2000,168.49,1156.8,2466.2,,,
-0.95303,33.274,2000,166.62,1138.1,2469,,,
-0.54361,33.084,2000,171.56,1139.7,2463.6,,,
-0.20897,32.422,2000,172.61,1136.1,2459.5,,,
0.47449,32.692,2000,170.14,1113.2,2463.7,,,
12.443,32.59,2000,168.04,1091.2,2465.6,,,
19.351,32.53,2000,168.7,1077.4,2465.2,,,
28.795,32.437,2000.1,169.56,1059.6,2464.6,,,
33.346,32.46,2000,174.16,1059.6,2460.7,,,
42.497,32.261,2000,168.92,1032.9,2465.2,,,
39.471,31.927,2000,168.7,1040.4,2463.5,,,
31.451,32.089,2000,168.43,1054,2464,,,
24.747,32.048,2000,170.12,1071.3,2461.7,,,
24.542,32.385,2000,174.76,1079.7,2459.1,,,
17.078,32.485,2000,169.47,1084.3,2464.1,,,
16.922,33.086,2000,168.35,1079.6,2468.2,,,
15.687,32.934,2000,168.11,1082.5,2467.6,,,
0.52378,33.241,2000,170.59,1111.1,2466.1,,,
-0.37776,32.896,2000,173.22,1140,2461.2,,,
-0.56203,33.062,2000,168.16,1132.6,2466.7,,,
-13.268,33.45,2000,167.57,1149.1,2468.8,,,
-22.237,33.143,2000,172.45,1184.3,2461.9,,,
-27.713,33.518,2000,170.39,1192.8,2465.4,,,
-30.127,34.047,2000,168.26,1192.9,2470,,,
-34.968,33.867,2000,170.25,1211.1,2466.9,,,
-30.582,34.108,2000,173.63,1206.7,2465.2,,,
-46.281,34.443,2000,167.89,1235.5,2471.3,,,
-51.917,34.237,2000,167.87,1251.9,2469.8,,,
-51.217,34.268,2000,173.07,1262.5,2465.1,,,
-60.869,34.474,2000,168.28,1278.8,2470.1,,,
-63.347,34.814,2000,168.88,1287.4,2471.1,,,
-69.259,34.752,2000,172.66,1315.4,2466.8,,,
-81.997,34.689,2000,167.68,1344.4,2470.3,,,
-83.203,35.042,2000,168.84,1351.7,2470.9,,,
-87.962,35.514,2000,171.38,1375.5,2470.6,,,
-95.836,35.697,2000,172.68,1408.1,2469.8,,,
-9.864,35.634,2000,166.9,1403.2,2474.7,,,
-10.163,35.666,2000,170.31,1423.6,2471.5,,,
-11.358,35.952,2000,172.03,1473.5,2470.5,,,
-11.069,36.127,2000,170.87,1460.4,2472.7,,,
-11.787,36.309,2000,166.78,1476.6,2477,,,
-12.385,36.313,2000,171.08,1507.3,2472.5,,,
-12.928,36.427,2000,171.77,1525.5,2472.1,,,
-13.781,36.422,2000,171.09,1546.1,2472.1,,,
-13.937,36.45,2000,165.7,1538.3,2477.2,,,
-14.447,36.904,2000,170.09,1557.8,2475.1,,,
-14.777,37.158,2000,171.56,1566.3,2474.8,,,
-15.724,37.219,2000,171.81,1581.1,2474.2,,,
-16.412,37.271,1999.9,168.39,1584.4,2477.2,,,
-16.549,37.334,2000,167.64,1584.8,2478.2,,,
-17.482,37.327,2000,171.2,1602.5,2474.1,,,
-18.153,37.375,2000,171.18,1610.8,2473.9,,,
-18.938,37.598,2000,171.17,1620.3,2474.5,,,
-18.609,37.973,2000,170.43,1614.4,2477.4,,,
-19.378,38.112,2000,169.46,1622.3,2478.5,,,
-20.389,38.253,2000,170.24,1633.8,2477.7,,,
-20.531,38.382,2000,170.98,1635.8,2477.6,,,
-21.248,38.743,2000,164.96,1629.9,2484.7,,,
-22.008,38.264,2000,170.11,1640.4,2476.7,,,
-22.747,38.482,2000,170.23,1637.8,2477.2,,,
-22.601,38.95,2000,168.57,1634.1,2481.3,,,
-23.516,39.071,2000,169.84,1629.2,2480.1,,,
-23.696,38.957,2000,170.67,1629.3,2478.6,,,
-24.491,39.207,2000,169.94,1617.3,2479.9,,,
-25.071,39.549,2000,169.57,1606.3,2481.6,,,
-25.329,39.643,2000,170.85,1603.9,2480.7,,,
-26.249,39.751,2000,170.14,1585.2,2481.2,,,
-26.989,39.806,2000,170.02,1569.4,2480.9,,,
-27.173,39.608,2000,171.12,1568.7,2478.7,,,
-27.318,39.748,2000,170.82,1564.1,2479.5,,,
-28.025,40.369,2000,170.39,1543.5,2482.5,,,
-28.743,40.091,2000,170.14,1527.7,2480.5,,,
-28.889,40.303,2000,170.4,1523.4,2481.2,,,
-29.586,40.614,2000,170.59,1504.7,2481.7,,,
-30.054,40.798,2000,170.34,1491.4,2482.3,,,
-30.218,40.719,2000,171.02,1489.1,2480.9,,,
-30.866,40.411,2000,166.29,1465.6,2482.8,,,
-30.994,41.207,2000,170.72,1466,2482.4,,,
-32.307,42.088,2000,170.05,1426.6,2484.6,,,
-32.949,41.872,2000,171.74,1415,2479.4,,,
-33.607,41.787,2000,170.48,1396.8,2477.4,,,
-33.447,42.13,2000,166.41,1391.3,2484.5,,,
-34.066,41.966,2000,171.67,1386.7,2474.6,,,
-33.835,42.02,2000,171.98,1392.7,2475.9,,,
-35.011,41.935,2000,166.47,1354.3,2473.8,,,
-35.78,41.802,2000,171.67,1345.9,2459.4,,,
-35.395,41.909,2000,172.14,1355.5,2463.5,,,
-35.938,41.612,2000,165.74,1332.4,2464,,,
-35.751,42.087,2000,171.67,1345,2461.5,,,
-35.796,41.957,2000,171.97,1345.2,2459.8,,,
-35.579,42.11,2000,166.51,1339.7,2469.9,,,
-35.862,41.997,2000,172.25,1343.9,2459,,,
-35.847,42.027,2000,171.42,1342.6,2460.4,,,
-35.767,41.948,2000,166.06,1335.3,2467.5,,,
-34.617,42.307,2000,170.69,1369.5,2474.1,,,
-34.548,41.387,2000,172.23,1379.2,2467.3,,,
-33.414,40.247,2000,171.36,1412.1,2468.6,,,
-33.06,40.792,2000,166.44,1408.6,2478.5,,,
-32.755,40.337,2000,171.32,1428,2472,,,
-31.633,40.266,2000,171.45,1457,2475.1,,,
-31.716,40.022,2000,170.89,1455.3,2474.1,,,
-32.087,39.743,2000,166.15,1438.6,2476.4,,,
-30.604,39.056,2000,169.6,1486.9,2472.7,,,
-29.984,39.162,2000,171.4,1505.3,2472.6,,,
-29.465,39.053,2000,171.51,1519.1,2472.7,,,
-29.26,38.229,2000,170.52,1527.5,2469.6,,,
-28.491,38.096,2000,171.54,1548.8,2468.9,,,
-28.057,38.044,2000,166.15,1548.9,2474.3,,,
-27.556,38.144,2000,170.75,1568.3,2471,,,
-27.368,38.032,2000,170.2,1572,2471.1,,,
-27.436,37.385,2000,169.56,1573.2,2468.2,,,
-25.537,36.325,2000,170.64,1617.2,2463.4,,,
-25.4,36.368,2000,170.94,1619.7,2463.4,,,
-25.104,36.35,2000,169.83,1622.2,2464.6,,,
-24.291,36.013,2000,170.15,1634.9,2463.2,,,
-23.71,35.771,2000,170.68,1642.6,2461.9,,,
-23.312,35.415,2000,170.93,1647.4,2460.1,,,
-22.447,35,2000,166.69,1644.9,2462.6,,,
-22.227,34.852,2000,169.12,1649.3,2459.7,,,
-21.365,34.744,2000,169.78,1647.8,2459.2,,,
-20.423,34.253,2000,169.09,1640.5,2458,,,
-20.44,34.159,2000,170.52,1643,2456.1,,,
-20.232,33.564,2000,170.83,1642.8,2452.9,,,
-19.257,34.021,2000,169.73,1629.3,2457,,,
-18.863,33.663,2000,169.38,1625,2455.8,,,
-18.982,32.968,2000,170.37,1629.8,2451.1,,,
-17.855,32.817,2000,171.52,1619.1,2450.1,,,
-17.082,32.759,2000,170.23,1607.5,2451.5,,,
-16.715,32.258,2000,170.49,1604.5,2449,,,
-16.537,31.915,2000,170.79,1603.5,2447,,,
-15.193,31.706,2000,169.96,1578.2,2447.7,,,
-14.784,31.431,2000,169.36,1567.7,2447.1,,,
-14.337,31.043,2000,170.12,1558.1,2444.7,,,
-13.866,31.073,2000,170.94,1546.5,2444.4,,,
-13.642,30.483,2000,170.28,1537.8,2442.1,,,
-12.478,30.491,2000,170.57,1499.7,2442.7,,,
-12.137,30.021,2000,170.28,1486.6,2440.8,,,
-11.595,30.151,2000,166.06,1456.4,2445.9,,,
-11.354,29.54,2000,170.71,1460,2438.5,,,
-10.638,29.083,2000,170.52,1434.8,2436.8,,,
-10.162,29.037,2000,170.57,1418.9,2436.9,,,
-96.649,28.923,2000,170.77,1403.2,2436.4,,,
-94.379,28.597,2000,170.02,1394.3,2435.6,,,
-83.239,28.175,2000,170.1,1360.5,2434.2,,,
-79.278,27.751,2000,171.48,1353,2430.9,,,
-74.776,27.8,2000,171.65,1340.1,2431.4,,,
-66.062,27.735,2000,165.9,1301.1,2437,,,
-59.702,27.531,2000,169.64,1293.2,2432.9,,,
-60.912,26.812,2000,170.95,1301.8,2427.9,,,
-55.536,26.471,2000,171.46,1289.6,2426,,,
-54.066,26.003,2000,171.08,1286.3,2424.1,,,
-41.293,26.262,2000,165.96,1240.7,2431.1,,,
-38.007,25.752,2000,170.4,1245,2424.6,,,
-30.732,25.948,2000,170.28,1226.4,2426.2,,,
-28.153,25.136,2000,171.34,1226.9,2421.2,,,
-29.874,24.905,2000,172.71,1235.2,2418.6,,,
-21.703,24.715,2000,166.37,1204.6,2424.1,,,
-0.54958,24.518,2000,170.08,1182.3,2420.8,,,
-0.29061,24.38,2000,170.95,1180.7,2419.4,,,
0.023126,23.989,2000,171.93,1180.9,2416.7,,,
0.90268,23.948,2000,168.08,1160.8,2420.7,,,
11.485,23.305,2000,168.5,1164.8,2417.2,,,
18.542,22.902,2000,171.52,1164.6,2412.8,,,
2.278,22.617,2000,171.49,1161.5,2411.7,,,
22.746,22.616,2000,168.44,1156.5,2414.5,,,
36.572,22.728,2000,169.95,1139.1,2414.6,,,
37.042,22.356,2000,172.99,1145.4,2409.9,,,
34.787,22.13,2000,166.21,1138.6,2414.9,,,
30.401,22.101,2000,172.62,1156.3,2408.5,,,
30.638,22.4,2000,166.37,1143.8,2415.9,,,
2.738,22.811,2000,170,1151.3,2414.4,,,
18.004,23.516,2000,172.86,1161.5,2414.7,,,
12.306,23.761,2000,167.03,1156.4,2421,,,
0.69996,24.167,2000,169.82,1164.7,2420.1,,,
-0.40979,24.037,2000,172.1,1188,2416.5,,,
-0.14637,24.174,2000,169.92,1178.1,2419.4,,,
-0.98219,24.711,2000,167.69,1183.9,2423.7,,,
-12.398,24.994,2000,172.33,1196.3,2420.6,,,
-14.238,25.299,2000,171.08,1195.3,2423.3,,,
-20.987,25.516,2000,166.45,1198.2,2428.2,,,
-32.408,25.426,2000,170.05,1232.3,2423.6,,,
-31.161,25.387,2000,170.73,1231.2,2422.8,,,
-39.035,26.413,2000,172.19,1248.9,2426.2,,,
-52.199,26.163,2000,171.54,1282,2424.6,,,
-53.463,26.868,2000,165.34,1268.1,2434,,,
-61.761,26.864,2000,171.1,1304.3,2428,,,
-58.644,27.561,2000,171.98,1295.9,2430.9,,,
-66.285,27.704,2000,168.55,1308.3,2434.4,,,
-66.937,27.787,2000,168.85,1310.7,2434.5,,,
-76.857,27.784,2000,170.83,1344.1,2431.9,,,
-78.823,28.591,2000,171.13,1349.1,2435.6,,,
-92.275,28.682,2000,168.85,1384.5,2437.3,,,
-96.681,28.6,2000,171.23,1404.8,2434.3,,,
-97.576,28.946,2000,171.51,1408.1,2435.8,,,
-10.932,29.093,2000,165.81,1432.3,2441.1,,,
-11.109,29.794,2000,169.74,1448.9,2440.9,,,
-11.592,29.985,2000,171.64,1471,2439.8,,,
-12.091,30.134,2000,171.01,1487,2440.8,,,
-12.678,30.668,2000,169.76,1504.6,2444.3,,,
-13.405,30.408,2000,171.76,1533.9,2440.5,,,
-13.965,30.702,2000,164.78,1534.3,2448.2,,,
-14.37,31.476,2000,168.55,1555.2,2448.4,,,
-14.724,31.602,2000,168.68,1564.6,2448.7,,,
-15.638,31.43,2000,171.22,1590.4,2444.7,,,
-15.701,31.907,2000,171.62,1591.4,2446.8,,,
-16.546,32.565,2000,171.8,1603.7,2449.4,,,
-16.997,32.713,2000,169.67,1605.6,2451.9,,,
-17.465,33.267,2000,170.2,1610.8,2453.9,,,
-18.011,33.333,2000,170.84,1618.2,2453.3,,,
-18.742,33.224,2000,170.54,1626.6,2452.5,,,
-18.593,33.484,2000,169.08,1621.9,2455.3,,,
-18.886,33.939,2000,167.8,1622.1,2458.7,,,
-19.74,34.255,2000,168.78,1632.8,2458.8,,,
-20.944,34.472,2000,171.1,1647.6,2456.8,,,
-21.257,34.964,2000,169.46,1646.1,2460.7,,,
-21.686,34.927,2000,170.44,1649.9,2459.3,,,
-21.592,35.295,2000,170.82,1649.1,2460.9,,,
-23.019,35.784,2000,169.63,1645.3,2463.5,,,
-23.753,35.922,2000,170.08,1640.6,2463.2,,,
-24.039,36.359,2000,170.01,1635.8,2465.4,,,
-24.198,36.362,2000,169.67,1633.5,2465.6,,,
-24.404,36.648,2000,168.7,1628.1,2467.8,,,
-25.398,36.68,2000,169.89,1616.2,2466.1,,,
-26.281,37.178,2000,170.03,1598.5,2467.8,,,
-26.849,37.709,2000,170.46,1585.3,2469.6,,,
-26.885,37.893,2000,170.71,1583.9,2470.3,,,
-27.565,37.901,2000,171.36,1570.7,2469.1,,,
-28.627,38.254,2000,170.51,1542.6,2470.6,,,
-29.062,38.596,2000,170.51,1530,2471.8,,,
-28.995,38.865,2000,170.75,1530.4,2473.1,,,
-29.4,38.91,2000,170.59,1519.9,2473,,,
-30.739,39.297,2000,171.2,1485.1,2472.2,,,
-31.06,39.447,2000,165.7,1465.5,2477.8,,,
-31.343,39.616,2000,169.45,1464.5,2474.3,,,
-31.953,40.369,2000,170.24,1446,2476,,,
-32.704,40.294,2000,172.04,1430.9,2471.2,,,
-32.87,40.912,2000,171.63,1422.3,2474.5,,,
-33.949,40.728,2000,169.05,1391.7,2471,,,
-34.213,40.666,2000,167.24,1382.3,2471,,,
-33.839,42.49,2000,172.5,1390.9,2478,,,
-34.883,42.334,2000,170.68,1362.9,2472.3,,,
-35.616,42.266,2000,167.09,1339,2469.8,,,
-35.641,42.139,2000,172.96,1349.8,2461.4,,,
-35.607,41.565,2000,168.41,1345.4,2463.8,,,
-35.633,42.021,2000,167.39,1340.5,2467.7,,,
-35.992,41.893,2000,172.01,1340.9,2457.1,,,
-35.546,42.187,2000,171.96,1350,2463.9,,,
-35.512,42.152,2000,166.8,1341.6,2470.4,,,
-35.592,42.07,2000,171.69,1349,2463.1,,,
-35.502,42.264,2000,171.37,1349.6,2465.6,,,
-35.097,42.114,2000,167.29,1352.7,2473.3,,,
-34.02,40.562,2000,169.95,1392.6,2468.6,,,
-33.768,40.144,2000,172.98,1406.9,2464.2,,,
-33.33,39.697,1999.9,168.93,1412.9,2468.5,,,
-32.987,39.469,2000,168.14,1421.4,2469.5,,,
-31.938,39.397,2000,171.63,1454.9,2469.3,,,
-32.358,38.837,2000,171.61,1447.6,2464.8,,,
-31.17,38.328,2000,165.96,1470.2,2471.2,,,
-30.58,37.61,2000,170.95,1499.3,2463.7,,,
-30.355,37.495,2000,171.14,1506.1,2463.3,,,
-29.932,37.126,2000,170.93,1518.7,2462.3,,,
-29.883,37.01,2000,169.74,1518.4,2462.9,,,
-28.798,36.518,2000,170.35,1549.2,2461.3,,,
-28.174,35.918,2000,169.63,1566.1,2459.7,,,
-27.485,35.665,2000,166.87,1577.5,2461.7,,,
-27.021,35.121,2000,169.88,1595.9,2456.4,,,
-26.667,35.258,2000,170.3,1602.7,2457.1,,,
-26.053,34.49,2000,170.05,1617.6,2453.9,,,
-25.003,33.832,2000,169.45,1635.7,2451.9,,,
-24.824,33.549,2000,169.86,1640.1,2450.2,,,
-24.186,32.984,2000,168.64,1647.4,2449,,,
-23.643,32.726,2000,171.58,1657.6,2445.2,,,
-23.31,32.392,2000,170.38,1658.6,2444.9,,,
-22.974,31.935,2000,168.54,1658.2,2444.5,,,
-22.523,31.825,2000,169.23,1659.8,2443.7,,,
-21.751,31.024,2000,169.52,1660.1,2439.8,,,
-21.319,31.07,2000,172.66,1662,2437.4,,,
-21.117,30.42,2000,170.82,1659.5,2435.9,,,
-20.601,29.945,2000,169.75,1654.9,2434.8,,,
-19.784,29.749,2000,168.48,1645.6,2435.6,,,
-18.836,29.281,2000,168.59,1637.7,2433.8,,,
-18.092,28.628,2000,170.39,1635.3,2429.2,,,
-18.057,28.06,2000,171.99,1640.4,2424.8,,,
-17.682,28.358,2000,168.16,1627.1,2430.3,,,
-17.422,27.36,2000,168.53,1628.3,2424.9,,,
-16.11,27.297,2000,174.58,1617.7,2419.9,,,
-15.927,26.758,2000,169.7,1603.8,2421.8,,,
-15.504,26.428,2000,168.84,1591.5,2421.2,,,
-14.625,26.136,2000,169.17,1566.8,2420,,,
-14.261,25.612,2000,169.04,1555.1,2417.7,,,
-13.506,25.199,2000,168.96,1529.8,2416.2,,,
-13.228,24.958,2000,173.96,1533.9,2410.5,,,
-12.975,23.916,2000,170.3,1516.1,2408.7,,,
-12.312,24.251,2000,169.27,1490.8,2411.9,,,
-11.683,23.847,2000,168.93,1469.6,2410.6,,,
-10.838,23.085,2000,169.22,1444.7,2407,,,
-10.409,22.748,2000,169.55,1433.1,2405.2,,,
-10.13,22.211,2000,169.98,1427.1,2402.3,,,
-95.613,21.74,2000,173.6,1420.8,2396.9,,,
-94.123,21.45,2000,169.91,1408.1,2398.9,,,
-81.886,21.229,2000,168.7,1371.9,2399.8,,,
-75.467,20.726,2000,168.63,1356.8,2397.7,,,
-78.852,20.327,2000,168.56,1367.1,2395.5,,,
-71.849,20.453,2000,171.02,1354.5,2394.3,,,
-63.521,19.405,2000,173.72,1345.7,2387,,,
-59.966,18.982,2000,170.47,1332.5,2388.2,,,
-50.253,18.893,2000,167.99,1306.5,2390.7,,,
-47.715,18.61,2000,168.84,1304.9,2388.6,,,
-39.504,17.635,2000,169.72,1296.8,2383.4,,,
-32.927,17.744,2000,169.86,1283.7,2384.3,,,
-26.449,17.419,2000,168.93,1271.1,2384,,,
-24.791,16.828,2000,170.22,1272.3,2379.8,,,
-13.496,16.289,2000,173.4,1253.6,2374.9,,,
-12.632,16.051,2000,169.71,1243.4,2377.2,,,
-0.70296,15.435,2000,169.22,1223.8,2374.9,,,
-0.039248,14.754,2000,169.71,1196.7,2371.4,,,
-0.047511,14.958,2000,169.48,1199.2,2372.7,,,
0.64697,14.469,2000,169.44,1167.5,2370.7,,,
10.092,13.862,2000,170.02,1142.7,2367.3,,,
15.455,13.752,2000,170.13,1118.2,2367.1,,,
25.018,12.846,2000,169.42,1047.3,2363.8,,,
29.739,12.776,2000,168.83,1020.3,2364.3,,,
39.746,12.409,2000,173.63,971.61,2358.7,,,
36.345,12.534,2000,171.07,985.67,2361.4,,,
3.427,12.711,2000,169.4,997.2,2363.7,,,
29.227,12.818,2000,169.87,1027.2,2363.5,,,
28.979,13.167,2000,171.21,1043.3,2364,,,
20.056,13.707,2000,169.91,1096.6,2367.4,,,
0.96584,13.978,2000,169.77,1146.4,2368.1,,,
11.749,14.201,2000,169.78,1142.8,2369.4,,,
0.98011,14.418,2000,169.9,1155.1,2370.3,,,
0.18532,15.534,2000,168.31,1196.2,2376.9,,,
-0.37166,15.682,2000,168.86,1215.6,2376.7,,,
-11.121,16.154,2000,170.02,1240.7,2377.5,,,
-16.165,16.569,2000,169.45,1252.4,2379.9,,,
-18.973,16.797,2000,169.32,1258.3,2380.9,,,
-30.932,17.3,2000,169.78,1282,2382.2,,,
-36.837,17.707,2000,169.98,1291.7,2383.7,,,
-42.934,18.271,2000,169.02,1298,2387.1,,,
-47.127,18.44,1999.9,173.31,1314.3,2383.7,,,
-49.218,18.604,2000,168.86,1308.1,2388.5,,,
-54.345,18.939,2000,168.03,1314.9,2390.6,,,
-60.944,19.636,2000,172.29,1335.1,2389.7,,,
-69.194,19.995,2000,168.95,1345.2,2394.1,,,
-72.864,20.559,2000,168.98,1351.7,2396.7,,,
-76.964,21.177,2000,169.92,1361.9,2398.7,,,
-79.818,21.457,2000,169.94,1368.5,2399.9,,,
-88.405,21.775,2000,169.47,1389.8,2401.4,,,
-90.504,22.053,2000,173.96,1406.1,2398.5,,,
-10.156,22.406,2000,169.85,1427,2403.4,,,
-10.348,23.039,2000,168.35,1427.5,2407.9,,,
-10.762,22.854,2000,168.67,1441.4,2406.3,,,
-10.79,23.708,2000,172.78,1451.4,2406.9,,,
-11.649,24.288,2000,170.44,1471.9,2411.4,,,
-12.901,24.556,2000,169.34,1510.6,2412.9,,,
-13.131,24.942,2000,169.29,1518,2414.8,,,
-13.178,25.4,2000,169.36,1519.6,2417.1,,,
-13.847,25.582,2000,168.98,1541.2,2417.9,,,
-14.601,25.798,2000,171.93,1573.5,2415.7,,,
-15.254,26.168,2000,172.29,1593.6,2416.8,,,
-15.542,26.635,2000,169.8,1594.5,2421.4,,,
-15.948,27.087,2000,167.72,1598.8,2425.4,,,
-16.425,27.643,2000,169.06,1610.8,2426.6,,,
-17.211,28.173,2000,170.03,1624.7,2427.9,,,
-17.835,28.432,2000,168.66,1629.7,2430,,,
-18.404,28.932,2000,173.77,1643.5,2427.4,,,
-19.124,29.342,2000,170.72,1644,2431.9,,,
-19.51,29.386,2000,169.27,1645.4,2433.2,,,
-20.36,30.209,2000,169.16,1650.8,2436.9,,,
-20.572,30.517,2000,168.82,1651.3,2438.7,,,
-20.989,30.742,2000,168.95,1654.6,2439.4,,,
-20.989,31.205,2000,171.84,1657.6,2439.1,,,
-21.289,31.109,2000,172.95,1662.1,2437.3,,,
-22.386,32.069,2000,170.47,1660.7,2443.9,,,
-23.265,32.733,2000,169.71,1656.3,2447.3,,,
-23.286,32.91,2000,169.41,1655,2448.5,,,
-23.979,33.321,2000,170.06,1650.1,2449.5,,,
-25.112,33.793,2000,169.69,1634.9,2451.4,,,
-25.251,34.671,2000,169.54,1628.2,2456,,,
-26.179,34.545,2000,169.13,1613.4,2455,,,
-26.384,34.787,2000,169.37,1608.9,2455.8,,,
-27.27,35.298,2000,168.67,1587.6,2458.3,,,
-27.56,35.799,2000,172.58,1585.9,2456.9,,,
-28.029,36.153,2000,171.57,1571.6,2459.2,,,
-28.534,36.451,2000,169.88,1554.9,2461.8,,,
-28.99,37.042,2000,170.14,1540.9,2464.1,,,
-29.802,37.466,2000,171.03,1519.9,2464.2,,,
-30.184,37.933,2000,171,1507.3,2466.1,,,
-30.628,38.407,2000,170.48,1492.1,2468.3,,,
-31.3,38.336,2000,167.95,1470.7,2469,,,
-31.794,38.731,2000,168.93,1457.5,2468.8,,,
-32.498,39.439,2000,170.63,1438.6,2468.7,,,
-32.659,39.686,2000,171.5,1434.7,2468.5,,,
-33.236,40.257,2000,172.49,1418.6,2468.2,,,
-34.028,40.879,2000,166.09,1383.5,2474.7,,,
-34.892,41.563,2000,171.24,1368,2466.9,,,
-35.769,42.04,2000,171.64,1344.8,2461.1,,,
-35.778,42.067,2000,169.78,1341.1,2463.5,,,
-35.679,42.444,2000,167.04,1336.5,2470.3,,,
-35.846,41.662,2000,172.7,1347,2456.5,,,
-35.732,42.214,2000,170.36,1342.5,2464.2,,,
-35.609,41.856,2000,166.26,1339.9,2468.3,,,
-35.757,41.844,2000,171.93,1346.7,2459.6,,,
-35.633,41.941,2000,172.74,1350.6,2460.5,,,
-35.535,41.958,2000,166.18,1341,2469.8,,,
-35.525,42.167,2000,172.11,1350.9,2463.8,,,
-35.933,41.658,2000,169.76,1339.5,2459.2,,,
-35.391,41.06,2000,170.66,1357.5,2460,,,
-34.558,39.853,2000,170.52,1384.4,2460,,,
-34.307,39.634,2000,168.4,1388,2463,,,
-33.516,39.276,2000,171.46,1415.4,2462.3,,,
-32.79,38.908,2000,170.04,1433.2,2465.2,,,
-32.422,37.927,2000,166.41,1441.7,2465,,,
-31.928,37.335,2000,171.91,1468.5,2457.7,,,
-31.696,37.067,2000,172.26,1476.8,2456.6,,,
-30.822,36.462,2000,167.01,1493,2460.9,,,
-30.483,35.908,2000,169.49,1510,2456.1,,,
-29.727,35.813,2000,171.36,1533.2,2455.2,,,
-29.68,34.996,2000,171.37,1539.8,2450.9,,,
-29.189,34.445,2000,170.7,1554.1,2449.5,,,
-28.073,33.832,2000,165.21,1573.1,2453,,,
-28.022,33.36,2000,167.91,1582.4,2448,,,
-27.365,33.573,2000,170.76,1600,2447.1,,,
-26.523,32.058,2000,171.2,1625.6,2439.6,,,
-25.895,31.932,2000,170.51,1635.2,2440.2,,,
-25.38,31.574,2000,169.93,1643.4,2439.4,,,
-25.008,31.06,2000,169.24,1649.5,2437.7,,,
-24.527,30.211,2000,170.32,1660.7,2432.6,,,
-24.153,30.229,2000,169.24,1661.7,2434.1,,,
-23.244,29.417,2000,169.26,1669.1,2430.5,,,
-22.798,28.904,2000,168.16,1669.3,2429.3,,,
-22.71,28.26,2000,172.85,1679.3,2421.5,,,
-22.059,27.386,2000,170.62,1676.8,2419.6,,,
-21.462,27.329,2000,169.44,1671.4,2420.9,,,
-20.682,26.679,2000,168.95,1667.7,2418.6,,,
-20.545,26.053,2000,169.15,1670.1,2415.3,,,
-19.944,25.895,2000,168.96,1665.7,2415.1,,,
-19.693,25.238,2000,173.28,1675.2,2407.8,,,
-19.105,25.047,2000,168.87,1662.8,2411.4,,,
-18.833,23.942,2000,169.45,1667.9,2405.3,,,
-17.705,23.26,2000,168.87,1653.2,2403.2,,,
-16.971,22.849,2000,172.74,1648.2,2398,,,
-16.388,21.893,2000,168.86,1625.6,2397.1,,,
-15.746,21.45,2000,167.74,1603.7,2396.4,,,
-15.266,20.874,2000,173.5,1604.2,2388.3,,,
-14.85,20.609,2000,170.16,1581.6,2390.4,,,
-14.518,20.263,2000,168.51,1566.4,2390.4,,,
-13.867,19.521,2000,169.14,1547.4,2386.5,,,
-13.09,18.879,2000,173.03,1533.7,2380.1,,,
-12.621,18.665,2000,168.88,1508.4,2383.2,,,
-11.93,17.95,2000,167.38,1485.3,2381.5,,,
-11.418,17.283,2000,171.89,1483.9,2374.2,,,
-10.969,16.667,2000,170.76,1470.3,2372.4,,,
-10.692,16.312,2000,167.6,1456,2373.8,,,
-9.76,15.57,2000,173.57,1448.9,2365.1,,,
-96.375,15.296,2000,169.43,1436.8,2367.6,,,
-89.435,14.74,2000,168.65,1420,2366,,,
-84.172,14.256,2000,168.83,1409.6,2363.7,,,
-74.767,13.719,2000,172.12,1396.3,2358.6,,,
-73.489,12.868,2000,169.58,1389.2,2356.7,,,
-67.721,12.13,2000,168.94,1372.6,2354,,,
-66.918,12.03,2000,168.74,1369.7,2353.7,,,
-5.79,11.538,2000,173.26,1351.9,2347.6,,,
-48.524,10.894,2000,170.48,1309.7,2347.6,,,
-47.713,10.314,2000,170.65,1299.4,2344.6,,,
-44.636,98.663,2000,169.33,1277.2,2343.7,,,
-35.491,96.432,2000,170.15,1237.5,2342.5,,,
-36.879,88.793,2000,170.69,1226.7,2338,,,
-30.932,84.618,2000,170.43,1187,2336.5,,,
-2.162,80.985,2000,170.36,1129.2,2335.4,,,
-23.634,80.094,2000,169.98,1135.5,2335.2,,,
-22.677,82.095,2000,168.97,1134.1,2337.2,,,
-0.48793,60.104,2000,170.88,965.03,2325.5,,,
-0.36986,58.493,2000,171.79,955.34,2324,,,
-0.029206,56.855,2000,169.03,922.24,2325.9,,,
0.78341,52.212,2000,167.86,858.62,2325.2,,,
19.669,41.819,2000,172.17,774.4,2316.8,,,
24.765,40.356,2000,171.65,743.23,2316.9,,,
28.262,32.828,2000,166.22,687.78,2318.4,,,
33.345,25.875,2000,171.19,655.86,2310.6,,,
39.105,23.428,2000,172.06,625.31,2309,,,
40.194,1.933,2000,171.98,608.28,2307.1,,,
37.988,17.598,2000,167.67,602.16,2310,,,
41.608,27.543,2000,167.61,615.84,2315.4,,,
31.159,34.421,2000,172.28,695.45,2313.8,,,
19.112,38.525,1999.9,171.62,764.29,2315.6,,,
16.468,44.406,2000,165.67,780.79,2323.9,,,
12.248,54.398,2000,170.78,852.34,2324,,,
0.79064,5.869,2000,171.12,891.87,2325.5,,,
-0.083182,57.603,2000,170.83,933.51,2324.6,,,
-0.34317,66.937,2000,170.94,983.18,2329.1,,,
-0.88387,7.079,2000,165.61,1010.3,2335.6,,,
-12.389,72.605,2000,168.74,1046,2333.3,,,
-20.123,8.439,2000,170.16,1132.2,2337.5,,,
-23.543,85.316,2000,170.15,1152.3,2337.7,,,
-32.158,94.585,2000,170.66,1220.1,2341.3,,,
-33.231,10.242,2000,170.27,1241.4,2345.6,,,
-40.891,10.151,2000,169.61,1268.5,2345.2,,,
-44.192,10.565,2000,169.14,1286.8,2347.5,,,
-4.782,11.727,2000,169.5,1314.2,2352.8,,,
-48.461,11.782,2000.1,169.79,1317.3,2352.8,,,
-56.458,11.875,2000,172.5,1348,2350.2,,,
-67.894,13.183,2000,167.44,1370.3,2360.7,,,
-73.745,13.425,2000,171.8,1393.8,2357.5,,,
-79.325,14.156,2000,171.07,1403.4,2361.5,,,
-82.597,14.905,2000,169.1,1403.6,2366.9,,,
-92.242,15.115,2000,167.45,1422.4,2368.8,,,
-94.622,15.606,2000,171.71,1436.5,2367.2,,,
-99.236,16.168,2000,171.94,1446.7,2369.5,,,
-10.848,16.365,2000,168.46,1462.3,2373.1,,,
-11.235,17.063,2000,168.78,1471.4,2376.1,,,
-11.568,17.659,2000,168.56,1478.5,2379.1,,,
-12.25,18.169,2000,172.77,1508.4,2377.3,,,
-12.76,18.884,2000,169.78,1514.6,2383.4,,,
-12.88,19.423,2000,168.77,1514.7,2387.1,,,
-13.96,20.036,2000,168.18,1547.2,2390,,,
-14.546,20.466,2000,172.76,1578.6,2387.5,,,
-14.69,21.349,2000,170.41,1576.3,2394.1,,,
-15.243,21.377,2000,169.01,1590.9,2395.2,,,
-15.901,21.852,2000,168.78,1610.8,2397.4,,,
-16.568,22.553,2000,168.6,1628.5,2400.6,,,
-16.862,22.987,2000,172.74,1645.1,2398.8,,,
-17.631,23.293,2000,169.35,1652.7,2403,,,
-18.082,24.305,2000,167.99,1652.4,2409.1,,,
-18.829,24.307,2000,170.03,1666.7,2406.7,,,
-18.892,24.369,2000,173.37,1673.6,2403.8,,,
-19.435,25.587,2000,170.45,1665.6,2412.5,,,
-20.25,26.243,2000,168.88,1666.2,2416.7,,,
-20.664,26.897,2000,169.24,1666.9,2419.5,,,
-21.06,27.485,2000,168.9,1666.9,2422.5,,,
-21.676,28.189,2000,168.39,1667.7,2426.2,,,
-22.133,28.462,2000,173.12,1676.8,2422.8,,,
-22.586,29.25,2000,169.82,1670.2,2429.7,,,
-23.32,29.329,2000,168.63,1668.3,2430.6,,,
-23.591,29.955,2000,168.19,1664.1,2434.1,,,
-24.594,30.464,2000,171.9,1661.6,2432.4,,,
-25.019,31.171,2000,171.38,1652.6,2436.2,,,
-25.598,31.914,2000,169.59,1638,2441.3,,,
-25.978,32.453,2000,169.07,1628.4,2444.3,,,
-26.506,32.908,2000,169.68,1618.1,2445.6,,,
-27.406,33.302,2000,169.16,1597.9,2447.2,,,
-27.745,33.36,2000,169.26,1590.8,2447,,,
-28.285,34.088,2000,170.18,1576.3,2449.3,,,
-28.377,34.716,2000,169.41,1568.7,2453.3,,,
-28.926,35.489,2000,172.9,1557.7,2453.2,,,
-29.389,35.875,2000,170.64,1539.7,2456.8,,,
-30.193,36.896,2000,170.52,1512.9,2461,,,
-30.868,36.939,2000,171.51,1497.4,2458.9,,,
-31.221,37.474,2000,170.85,1483.7,2461.6,,,
-32.05,38.248,2000,170.01,1456,2464.3,,,
-32.778,38.344,2000,167.06,1431.3,2465.2,,,
-32.828,39.439,2000,170.1,1429.2,2468,,,
-33.02,38.847,2000,170.22,1428.1,2463.7,,,
-33.199,39.717,2000,172.47,1422.7,2465.4,,,
-34.569,40.897,1999.9,170.15,1377.6,2466.6,,,
-35.596,41.799,2000,167.79,1343.3,2466.2,,,
-35.508,41.885,2000,173.63,1355.6,2460.3,,,
-36.105,41.669,2000,167.63,1331.5,2460,,,
-35.608,41.791,2000,170.23,1347.5,2463,,,
-35.496,42.167,2000,172.66,1352.6,2463.4,,,
-35.745,41.738,2000,167.29,1339.1,2464.9,,,
-35.749,41.84,2000,171.14,1345.5,2460.6,,,
-35.935,41.731,2000,172.93,1344.9,2455.6,,,
-35.878,41.916,2000,166.59,1333.7,2465.5,,,
-35.811,41.898,2000,171.08,1343.6,2460.4,,,
-35.923,40.7,2000,172.42,1349.9,2449.7,,,
-34.883,40.294,2000,166.79,1367.1,2464.5,,,
-34.104,39.416,2000,169.73,1396.7,2461.5,,,
-33.694,38.836,2000,173.03,1416.5,2457,,,
-33.368,38.196,2000,167.78,1418.7,2460.9,,,
-32.531,37.725,2000,168.91,1444.9,2460.8,,,
-32.124,36.975,2000,171.13,1464.2,2455.8,,,
-31.559,36.131,2000,170.21,1482.4,2453.9,,,
-31.152,35.825,2000,170.75,1495.9,2452.9,,,
-30.44,35.201,2000,170.27,1517.3,2451.7,,,
-30.118,34.142,2000,170.7,1533.4,2446.2,,,
-29.502,33.488,2000,169.09,1549.9,2445.5,,,
-28.847,33.335,2000,167.72,1563.8,2447,,,
-28.455,32.614,2000,169.54,1580.9,2441.9,,,
-28.052,32.328,2000,169.4,1591.2,2441.1,,,
-27.593,31.357,2000,168.74,1605.5,2437.2,,,
-26.953,30.288,2000,171.84,1629.9,2429.3,,,
-26.475,30.377,2000,171.02,1635.9,2431,,,
-26.322,29.529,2000,168.81,1639.3,2428.9,,,
-25.309,28.931,2000,167.66,1654.6,2427.8,,,
-24.691,27.762,2000,170.48,1672.1,2419.6,,,
-24.072,27.424,2000,173.51,1682.9,2415.5,,,
-24.051,26.729,2000,169.19,1679.2,2416,,,
-23.2,25.604,2000,168.14,1684.6,2411.8,,,
-22.748,25.015,2000,168.95,1688.3,2408.3,,,
-22.033,24.263,2000,172.56,1696,2401.6,,,
-21.314,23.896,2000,168.92,1688.4,2403.7,,,
-21.439,23.138,2000,167.92,1692.7,2400.6,,,
-21.234,22.715,2000,171.2,1700.5,2395.5,,,
-20.108,22.045,2000,172.19,1700.1,2391.9,,,
-19.465,21.214,2000,167.78,1690.9,2392.3,,,
-19.272,20.713,2000,168.51,1693.3,2389.2,,,
-18.397,19.538,2000,173,1694.4,2379.5,,,
-18.18,18.962,2000,169.36,1682.8,2380.2,,,
-17.785,18.869,2000,167.91,1669.4,2381.3,,,
-17.639,18.711,2000,170.04,1671.2,2378.6,,,
-16.36,17.207,2000,171.67,1639.2,2370.3,,,
-15.647,16.771,2000,172.55,1618.9,2367.8,,,
-15.47,16.629,2000,168.25,1601.7,2371.2,,,
-15.225,15.609,2000,165.83,1589,2368.4,,,
-14.87,14.899,2000,170.88,1592.7,2360.3,,,
-14.342,14.085,2000,172.46,1582.4,2355,,,
-13.534,13.483,2000,171.38,1556.7,2353.5,,,
-12.324,12.606,2000,167.39,1514.3,2353.7,,,
-11.746,11.74,2000,173.43,1516.2,2344,,,
-11.345,11.063,2000,168.68,1494.9,2345.3,,,
-11.344,10.404,2000,167.76,1493.7,2342.8,,,
-10.456,96.966,2000,173.03,1481.1,2334.9,,,
-99.246,89.558,2000,170.83,1457.5,2333.6,,,
-94.731,84.621,2000,168.32,1434.1,2333.7,,,
-87.357,78.992,2000,169.28,1405.9,2330.5,,,
-79.681,73.351,2000,169.55,1370.1,2328,,,
-78.592,70.011,2000,168.22,1356.6,2327.6,,,
-71.347,59.953,2000,174.05,1319.5,2317.5,,,
-66.402,47.032,2000,171.43,1251.8,2313.7,,,
-56.806,44.397,2000,168.7,1184,2315.7,,,
-51.056,39.971,2000,170.18,1141.2,2312.5,,,
-55.678,32.507,2000,171.54,1143.3,2307,,,
-4.836,2.631,2000,171.07,1076.5,2304.9,,,
-40.527,20.644,2000,170.41,1008.2,2303.2,,,
-40.731,20.074,2000,165.52,991.51,2307.5,,,
-31.117,0.70232,2000,170.57,905.14,2296.8,,,
-21.789,-0.31299,2000,172.13,824.59,2290.9,,,
-19.931,-0.99177,2000,172.56,792.99,2287.2,,,
-1.18,-17.343,2000,165.18,709.57,2290.9,,,
-0.46664,-22.987,2000,171.53,675.81,2282.7,,,
-0.24376,-30.042,2000,172.51,646.87,2278.4,,,
0.10916,-37.576,2000,166.77,595.68,2280.1,,,
0.98082,-41.151,2000,172.11,562.22,2274,,,
13.186,-52.324,2000,172.25,518.82,2268.5,,,
19.317,-56.101,2000,167.19,474.91,2271.7,,,
18.808,-59.656,2000,172,477.92,2265.4,,,
28.514,-66.825,1999.9,172.48,426.18,2262.1,,,
34.902,-6.779,2000,167.66,392.63,2266.6,,,
3.459,-73.022,2000,168.04,382.5,2263.6,,,
34.958,-72.153,2000,171.97,390.7,2260.4,,,
35.348,-67.811,2000,173.12,401.55,2261.6,,,
25.382,-62.666,2000,168.21,438.72,2267.9,,,
24.127,-59.681,2000,168.76,451.64,2268.8,,,
19.367,-50.533,2000,168.35,491.38,2273.5,,,
0.80416,-42.609,2000,173.78,569.22,2271.6,,,
0.18362,-34.909,2000,169.08,605.77,2279.4,,,
0.020496,-27.434,2000,168.4,633.01,2283.7,,,
-11.982,-20.192,2000,168.43,709.88,2286.4,,,
-0.97408,-18.297,2000,172.64,716.66,2283.6,,,
-16.888,-0.6795,2000,168.62,777.66,2292.7,,,
-18.999,-0.21898,2000,169.44,806.2,2294.1,,,
-26.906,0.73241,2000,169.75,881.5,2298.1,,,
-34.099,14.403,2000,171.32,951.42,2299.7,,,
-34.788,21.647,2000,170.68,981.05,2303.9,,,
-45.034,28.827,2000,167.05,1054.5,2310.2,,,
-47.944,33.717,2000,169.19,1096.9,2310.4,,,
-54.177,4.429,2000,169.99,1173.5,2314.6,,,
-59.369,45.198,2000,170.14,1205.1,2314.5,,,
-65.863,48.612,2000,169.93,1249.6,2316,,,
-69.919,5.822,2000,167.95,1291.6,2322.5,,,
-73.091,67.379,2000,167.95,1327.8,2326.9,,,
-76.226,69.486,2000,173.8,1360.4,2322.3,,,
-86.142,79.043,2000,169.2,1401.4,2330.7,,,
-96.352,86.214,2000,168.12,1440,2334.6,,,
-10.242,93.102,2000,172.16,1471.8,2333.9,,,
-10.477,10.067,2000,170.17,1475.1,2339.5,,,
-10.82,10.944,2000,167.45,1477.7,2346.3,,,
-11.337,11.3,2000,172.71,1504.2,2342.8,,,
-11.673,11.408,2000,169.06,1504.1,2346.5,,,
-12.087,12.062,2000,166.73,1507.9,2351.7,,,
-12.653,13.035,2000,169.87,1528.5,2353.3,,,
-12.896,13.613,2000,172.18,1539.7,2353.9,,,
-13.554,14.384,2000,172.06,1556.5,2357.5,,,
-14.249,14.842,2000,166.76,1562.4,2364.3,,,
-14.852,15.815,2000,171.77,1592.6,2364.2,,,
-15.795,16.969,2000,171.53,1620.7,2369.6,,,
-16.508,17.616,2000,167.77,1632.9,2376,,,
-16.894,18.127,2000,168.83,1647.2,2377.3,,,
-17.393,18.927,2000,172.06,1669,2378,,,
-17.863,19.278,2000,171.56,1679.4,2379.9,,,
-18.36,19.765,2000,167.88,1680.4,2385.6,,,
-18.9,20.276,2000,169.14,1691.5,2386.6,,,
-18.812,20.888,2000,170.97,1690.5,2388.1,,,
-19.025,21.544,2000,172.84,1693.6,2389.6,,,
-19.648,21.825,2000,168.9,1691,2394.3,,,
-20.724,22.182,2000,167.7,1695.2,2396.4,,,
-20.971,23.557,2000,170.99,1692.3,2400.2,,,
-22.59,24.643,2000,171.92,1694.9,2403.7,,,
-22.365,25.707,2000,171.49,1687.5,2409.8,,,
-22.762,25.808,2000,168.47,1683.4,2412.9,,,
-23.699,26.687,2000,168,1678.5,2417.2,,,
-23.781,27.475,2000,171.88,1681,2417.5,,,
-24.129,28.037,2000,171.08,1675.5,2420.9,,,
-24.611,27.88,2000,169.82,1670.9,2420.9,,,
-25.814,29.623,2000,169.44,1647.4,2429.3,,,
-26.364,29.971,2000,168.63,1635.7,2431.3,,,
-26.528,30.446,2000,169.23,1631.3,2433.1,,,
-26.782,31.368,2000,172.17,1627,2434.8,,,
-27.541,31.42,2000,171.71,1611.7,2434.7,,,
-27.909,32.45,2000,169.03,1592.7,2442.3,,,
-29.054,33.355,2000,168.89,1561.1,2445.6,,,
-29.51,33.687,2000,168.3,1546.8,2447.3,,,
-30.132,34.541,2000,175.01,1538.7,2444,,,
-30.346,35.543,2000,171.09,1519,2452.9,,,
-31.126,35.862,2000,170.86,1496.6,2453,,,
-31.493,36.722,2000,170.41,1480.7,2457.2,,,
-31.813,37.082,2000,170.56,1470.4,2458,,,
-32.742,38.019,2000,165.98,1432.2,2464.7,,,
-32.94,38.55,2000,170.33,1432.2,2462.2,,,
-33.248,38.935,2000,170.83,1423,2462.4,,,
-34.057,39.835,2000,171.64,1399,2462.2,,,
-34.026,40.325,2000,170.96,1395.7,2466,,,
-34.71,41.203,2000,166.13,1365,2472.1,,,
-35.589,41.969,2000,173.27,1352.5,2460.5,,,
-35.633,41.874,2000,167.72,1341.9,2466.4,,,
-35.655,41.689,2000,169.76,1346.1,2462.4,,,
-35.742,42.075,2000,172.74,1347.3,2460.2,,,
-35.596,41.959,2000,166.98,1340.9,2468.2,,,
-35.866,41.709,2000,170.39,1342,2459.5,,,
-35.646,42.069,2000,172.52,1349.2,2461.5,,,
-35.506,42.074,2000,167.71,1343.8,2468.9,,,
-35.493,41.862,2000,169.55,1348.6,2465.4,,,
-35.447,42.179,2000,172.75,1353.9,2463.9,,,
-35.503,40.951,2000,169,1352.4,2460.3,,,
-34.865,40.187,2000,166.63,1367.8,2464.2,,,
-34.6,39.361,2000,170.93,1387,2456.2,,,
-33.599,38.868,2000,171.62,1416.1,2459.3,,,
-33.326,37.753,1999.9,170.51,1427.5,2455.6,,,
-33.435,37.562,2000,168.31,1421.8,2456.3,,,
-32.307,36.758,2000,172.08,1462.7,2452.9,,,
-31.695,35.816,2000,168.12,1476.9,2454,,,
-31.514,35.385,2000,168.9,1485.9,2451.3,,,
-31.098,35.038,2000,171.07,1503.1,2448.4,,,
-30.596,34.547,2000,170.39,1518,2447.7,,,
-30.512,33.591,2000,170.22,1526.3,2442.9,,,
-29.858,33.029,2000,171.17,1548.4,2440.3,,,
-29.292,31.538,2000,169.07,1568.2,2435.4,,,
-28.847,31.453,2000,169.29,1579.4,2435.5,,,
-28.471,30.879,2000,169.52,1592,2432.8,,,
-28.024,29.991,2000,169.1,1606.3,2429.1,,,
-27.383,29.627,2000,168.16,1619.3,2428.9,,,
-27.145,29.116,2000,168.62,1627.7,2426,,,
-26.344,28.042,2000,172.2,1654.1,2417.8,,,
-25.663,27.684,2000,171.11,1663.5,2417.7,,,
-25.443,26.855,2000,168.53,1666.3,2416,,,
-25.034,26.206,2000,168.96,1674.9,2412.6,,,
-25.229,25.644,2000,172.09,1681.9,2406.5,,,
-24.422,25.116,2000,168.96,1685.6,2407.4,,,
-23.501,23.905,2000,167.7,1693.4,2403.1,,,
-22.907,23.122,2000,171.52,1704.5,2395.9,,,
-22.58,22.6,2000,172.07,1708.5,2392.9,,,
-22.302,21.787,2000,168.1,1707,2392.7,,,
-21.647,21.618,2000,168.57,1706.7,2391.9,,,
-21.55,21.028,2000,171.1,1715.9,2386.5,,,
-20.679,20.007,2000,172.52,1722.2,2380.6,,,
-20.062,19.079,2000,168.23,1714.4,2380.3,,,
-19.754,18.998,2000,167.8,1709.8,2380.6,,,
-19.782,18.1,2000,170.74,1722.2,2373.1,,,
-19.093,17.326,2000,171.18,1714.2,2369.2,,,
-18.267,16.721,2000,170.15,1693.5,2367.7,,,
-18.316,15.826,2000,167.43,1689.9,2365.6,,,
-17.422,15.556,2000,170.35,1671.6,2362.2,,,
-17.275,15.05,2000,170.25,1667.6,2359.8,,,
-16.912,13.983,2000,172.8,1664.9,2352.1,,,
-16.054,13.428,2000,168.36,1626.6,2354.1,,,
-15.46,13.122,2000,167.71,1606.8,2353.6,,,
-15.266,11.987,2000,172.4,1616.3,2343.5,,,
-14.81,11.193,2000,172.39,1604.3,2339.7,,,
-14.202,10.823,2000,167.57,1574.3,2342.9,,,
-13.79,10.099,2000,169.15,1568.1,2338,,,
-13.323,91.448,2000,171.96,1563.1,2330.8,,,
-12.611,87.021,2000,169.49,1535.5,2331.4,,,
-12.666,79.955,2000,168.05,1532.6,2329,,,
-12.227,76.746,2000,171.78,1527.4,2324.2,,,
-11.157,65.272,2000,171.88,1484.1,2319.1,,,
-11.008,59.201,2000,169,1464.6,2318.8,,,
-10.488,56.457,2000,169.53,1442.2,2317.3,,,
-10.211,44.671,2000,169.65,1410,2311.3,,,
-93.086,38.808,2000,170.31,1356.9,2308.4,,,
-91.049,30.695,2000,169.83,1322.6,2304.8,,,
-86.556,29.861,2000,168.95,1294.1,2305.6,,,
-8.899,21.275,2000,170.16,1282.5,2299.8,,,
-77.939,18.345,2000,170.74,1212.6,2298.7,,,
-71.367,11.529,2000,170.7,1148.8,2295.8,,,
-6.889,0.24781,2000,171.96,1102.7,2290.1,,,
-63.629,-0.97403,2000,171.18,1021.3,2285,,,
-56.851,-15.499,2000,172.34,964.71,2281.5,,,
-5.518,-18.864,2000,166.29,924.07,2285.6,,,
-49.907,-30.988,2000,170.28,863.8,2276.1,,,
-43.815,-33.853,2000,170.82,824.23,2274.6,,,
-4.065,-41.984,2000,172.1,784.3,2269.5,,,
-30.428,-47.069,2000,165.94,702.98,2273.5,,,
-31.043,-48.286,2000,170.88,714.89,2268.2,,,
-22.477,-60.643,2000,172.78,643.29,2260.8,,,
-23.249,-60.663,2000,168.19,635.28,2265,,,
-24.285,-63.382,2000,169.06,633.86,2262.7,,,
-10.792,-74.762,2000,172.85,554.27,2254.4,,,
-16.047,-73.363,2000,169.98,572.8,2257.4,,,
-19.566,-67.198,2000,167.81,599.65,2262.3,,,
-19.783,-59.916,2000.1,169.93,626.86,2264.1,,,
-24.936,-54.126,1999.9,173.27,675.04,2263.5,,,
-27.304,-46.601,2000,168.66,697.27,2271.5,,,
-39.532,-41.594,2000,168.69,770.81,2273,,,
-42.024,-31.282,2000,169.35,820.01,2277.5,,,
-4.695,-26.182,2000,173.82,876.25,2275.4,,,
-52.482,-1.713,2000,166.49,916.72,2286.6,,,
-52.747,-11.105,2000,171.31,955.81,2285.1,,,
-61.379,-0.39294,2000,171.64,1033,2287.8,,,
-5.763,0.51096,2000,166.51,1030.9,2297.5,,,
-60.657,0.097668,2000,169.76,1042.3,2292.1,,,
-71.683,15.946,2000,171.44,1170.2,2297.3,,,
-80.554,22.233,2000,169.84,1238.6,2301.3,,,
-85.188,22.585,2000,170.69,1268,2300.3,,,
-85.018,33.079,2000,169.85,1299,2306.6,,,
-8.861,36.866,2000,168.78,1325.4,2309.2,,,
-97.591,46.936,2000,170.98,1398.5,2311.6,,,
-10.474,52.193,2000,169.37,1434.4,2315.3,,,
-10.705,61.436,2000,169.3,1456.7,2319.9,,,
-11.166,58.817,2000,169.75,1472,2317.7,,,
-10.921,66.169,2000,169.64,1470.8,2321.8,,,
-11.728,77.179,2000,168.26,1502.6,2328.2,,,
-12.155,84.223,2000,168.07,1517.7,2331.6,,,
-12.831,91.383,2000,169.79,1542.8,2333.2,,,
-13.701,10.007,2000,173.07,1575.9,2333.9,,,
-14.18,10.656,2000,168.49,1576.5,2341.2,,,
-14.784,11.24,2000,167.9,1591.5,2344.2,,,
-14.55,11.651,2000,172.86,1596.5,2341.9,,,
-14.87,12.286,2000,169,1594.2,2348.6,,,
-16.104,13.403,2000,166.36,1622.8,2355.8,,,
-16.176,13.766,2000,169.7,1633.5,2354.5,,,
-16.666,14.522,2000,170.98,1651.2,2356.8,,,
-16.761,15.202,2000,172.25,1656.5,2359.1,,,
-17.894,15.893,2000,168.47,1680.3,2365.3,,,
-18.31,16.839,2000,167.06,1686.5,2371.2,,,
-18.723,17.292,2000,172.19,1708.5,2368.4,,,
-18.97,17.872,2000,172.1,1711.6,2371.3,,,
-19.574,19.018,2000,166.86,1704.9,2381.7,,,
-19.839,19.322,2000,171.64,1717.1,2378.5,,,
-20.363,19.953,2000,172.73,1720.4,2380.4,,,
-20.851,20.783,2000,167.24,1706.7,2389.5,,,
-21.418,21.383,2000,170.74,1711.6,2388.8,,,
-21.55,21.897,2000,172.97,1711.9,2389.3,,,
-21.639,22.056,2000,168.3,1702.6,2394.5,,,
-22.901,23.107,2000,168.11,1698.8,2399.1,,,
-23.451,23.941,2000,172.95,1702.1,2398.4,,,
-23.603,24.189,2000,169.85,1695.2,2402.5,,,
-23.762,25.349,2000,167.63,1684.7,2410.5,,,
-24.699,26.377,2000,168.27,1675.6,2414.4,,,
-24.827,26.264,2000,172.53,1682.7,2409.7,,,
-25.613,26.944,2000,170.42,1667.2,2414.5,,,
-25.396,27.61,2000,169.34,1664,2419.2,,,
-26.064,28.654,2000,169.15,1648.9,2424.2,,,
-27.078,29.372,2000,167.86,1625.9,2428.2,,,
-27.424,29.669,2000,172.45,1626.4,2424.9,,,
-27.509,30.973,2000,172.25,1616.2,2431.9,,,
-28.015,31.187,2000,170.93,1602.2,2433.6,,,
-29.076,31.802,2000,168.47,1570.2,2437.8,,,
-29.701,32.934,2000,169.87,1550.3,2441.4,,,
-29.999,33.494,2000,170.2,1539.8,2443.5,,,
-29.776,33.858,2000,170.65,1543.7,2445.4,,,
-30.809,34.549,2000,170.38,1512.5,2447.2,,,
-31.282,35.037,2000,170.1,1496.5,2448.9,,,
-31.823,35.834,2000,170.06,1477.2,2451.6,,,
-32.637,36.83,2000,169.96,1449.7,2454.2,,,
-32.295,37.297,2000,171.88,1459.2,2456.2,,,
-32.967,36.986,2000,168.71,1437.9,2455,,,
-33.043,38.142,2000,167.28,1426.3,2462.7,,,
-34.337,39.212,2000,168.97,1390.7,2459.6,,,
-34.157,39.947,2000,171.93,1396.4,2461.8,,,
-35.495,40.576,2000,172.34,1360.7,2453.8,,,
-35.497,40.92,2000,171.78,1357.8,2456.7,,,
-35.45,41.932,2000,166.94,1344.6,2469.5,,,
-35.708,41.631,2000,171.96,1349.1,2458.7,,,
-35.361,42.243,2000,172.7,1355.5,2465.2,,,
-35.801,41.836,2000,165.89,1334.7,2466.7,,,
-35.527,41.881,2000,172.45,1353,2461.6,,,
-35.786,41.879,2000,170.51,1343.2,2461.3,,,
-35.571,41.858,2000,166.51,1341.3,2468.4,,,
-35.637,41.965,2000,173,1350.9,2460.3,,,
-35.697,41.95,1999.9,170.11,1344.3,2463.2,,,
-35.28,41.881,2000,166.85,1348.8,2470.8,,,
-35.387,40.47,2000,172.38,1364.1,2454.2,,,
-34.672,39.471,2000,169.17,1381.3,2458.4,,,
-34.828,39.034,2000,168.51,1378.7,2455.2,,,
-34.479,39.325,2000,171.12,1390.5,2456.7,,,
-34.441,38.78,2000,172.29,1396.8,2452.4,,,
-34.011,37.662,2000,167.15,1404.5,2454.7,,,
-33.476,36.622,2000,169.54,1428.8,2449.3,,,
-33.206,35.914,2000,170.61,1442.1,2445.5,,,
-32.55,35.694,2000,169.67,1458.6,2448.5,,,
-32.262,35.055,2000,170.38,1471.6,2445.4,,,
-32.012,34.344,2000,170.09,1482.2,2442.7,,,
-31.993,33.296,2000,170.52,1490.6,2436.5,,,
-31.253,32.351,2000,171.06,1517.5,2433.3,,,
-31.279,31.936,2000,170.43,1518.6,2431.6,,,
-31.153,31.709,2000,164.66,1512.2,2436.6,,,
-30.564,30.677,2000,168.61,1542.3,2428.6,,,
-30.234,29.501,2000,170.22,1562.2,2421.4,,,
-29.694,29.294,2000,169.69,1575.6,2422.1,,,
-29.636,28.693,2000,167.89,1577.8,2420.7,,,
-28.944,27.681,2000,172.78,1609.7,2411.8,,,
-28.506,27.675,2000,169.44,1612.6,2415.8,,,
-28.5,27.819,2000,168.93,1610.7,2417.1,,,
-29.083,26.389,2000,169.49,1609.5,2407.9,,,
-28.479,26.344,2000,169.16,1621.6,2409,,,
-28.068,25,2000,172.72,1645.4,2399.1,,,
-26.993,24.288,2000,167.43,1658.9,2401.9,,,
-26.67,24.395,2000,171.39,1670.5,2399.1,,,
-26.611,23.504,2000,172.54,1679.3,2393.3,,,
-26.251,22.066,2000,168.25,1686.4,2390.3,,,
-25.61,21.252,2000,167.9,1699.4,2387.1,,,
-25.637,20.401,2000,172.45,1714.1,2378.2,,,
-24.802,20.579,2000,171.63,1718.8,2380.8,,,
-24.799,20.011,2000,168.06,1717,2381.2,,,
-24.271,18.815,2000,168.4,1731.5,2375.1,,,
-24.233,17.917,2000,172.1,1746.9,2366.9,,,
-24.124,17.374,2000,169.09,1747.1,2367,,,
-23.605,17.032,2000,166.99,1748.1,2367.8,,,
-23.168,16.271,2000,171.46,1763.8,2359.9,,,
-22.56,15.573,2000,170.5,1766.7,2357.7,,,
-22.272,14.56,2000,171.85,1775.7,2351.3,,,
-21.817,14.284,2000,169.57,1769.4,2352.5,,,
-22.012,13.392,2000,166.85,1771.5,2350.3,,,
-21.366,12.541,2000,171.04,1777.3,2342.3,,,
-21.27,12.038,2000,171.1,1778.4,2339.7,,,
-20.861,11.511,2000,171.6,1774.7,2336.9,,,
-20.675,10.488,2000,167.3,1764.5,2335.8,,,
-19.94,98.256,2000,170.79,1757.6,2329.6,,,
-19.735,88.616,2000,171.38,1756.2,2324.1,,,
-19.337,85.768,2000,171.65,1746.6,2322.7,,,
-18.901,81.024,2000,166.97,1722.4,2325.2,,,
-18.562,70.542,2000,169.89,1721.9,2317.1,,,
-18.593,64.408,2000,173.06,1732.2,2310.7,,,
-18.227,62.337,2000,170.14,1713.3,2312.9,,,
-17.856,60.914,2000,166.8,1692.7,2315.7,,,
-17.735,53.004,2000,171.19,1700.7,2307.4,,,
-17.077,41.705,2000,173.49,1682.7,2299.8,,,
-17.228,33.519,2000,169.42,1673,2299.2,,,
-16.299,28.477,2000,168.65,1632.7,2298.2,,,
-15.911,22.019,2000,167.12,1606,2296.7,,,
-15.626,0.86809,2000,174.26,1593.2,2282.8,,,
-15.741,0.69443,2000,169.88,1582.7,2286.1,,,
-14.972,0.050347,2000,169.32,1531.4,2284,,,
-15.023,-0.63144,2000,169.19,1516.7,2280.4,,,
-14.48,-16.016,2000,170.72,1465,2274.3,,,
-14.186,-22.684,2000,170.69,1426.5,2271,,,
-13.865,-31.491,2000,170.4,1374.7,2266.9,,,
-13.326,-30.087,2000,171.35,1351.2,2267.4,,,
-13.283,-35.367,2000,170.61,1325.2,2265.3,,,
-12.788,-46.629,2000,171.24,1250.6,2259.1,,,
-12.158,-48.597,2000,171,1202.9,2259,,,
-12.078,-57.644,2000,166.55,1144.7,2258.7,,,
-11.727,-64.498,2000,170.35,1108.1,2251.5,,,
-11.406,-70.034,2000,172.3,1073.1,2246.9,,,
-11.301,-71.813,2000,169.09,1049.3,2249.3,,,
-11.24,-72.517,2000,167.21,1036.9,2250.9,,,
-11.544,-70.912,2000,172.37,1077.8,2246.2,,,
-11.801,-61.465,2000,172.61,1132.7,2250.8,,,
-12.139,-57.758,2000,166.34,1147.2,2258.7,,,
-12.62,-52.515,2000,170.42,1212.5,2256.9,,,
-13.126,-40.368,2000,170.49,1294.8,2262.9,,,
-13.108,-30.585,2000,170.09,1331.9,2268.6,,,
-13.549,-32.903,2000,170.72,1351.4,2266.2,,,
-13.614,-24.823,2000,170.35,1384.8,2270.9,,,
-13.949,-17.422,2000,170.26,1429.7,2274.6,,,
-13.913,-10.968,2000,170.49,1449.4,2277.8,,,
-14.584,-0.7793,1999.9,166.47,1482,2282.8,,,
-15.005,0.74274,2000,168.79,1546.9,2288.2,,,
-15.251,12.571,2000,169.25,1569.3,2290.3,,,
-15.447,16.314,2000,168.92,1583.3,2292.4,,,
-15.572,16.886,2000,171.17,1595.9,2290.3,,,
-16.506,27.676,2000,171.98,1649.1,2294.3,,,
-16.791,35.251,2000,169.64,1658.9,2300.4,,,
-17.292,42.363,2000,168.16,1675.7,2305.1,,,
-17.34,53.793,2000,168.44,1680.4,2310.9,,,
-17.654,52.545,2000,172.99,1702.9,2305.4,,,
-18.516,6.352,2000,169.08,1719.2,2314.2,,,
-18.524,70.184,2000,167.53,1714.5,2319.3,,,
-18.647,75.238,2000,170.74,1726,2318.7,,,
-19.038,8.279,2000,171.78,1739,2321.3,,,
-19.608,89.265,2000,168.81,1745.9,2327.1,,,
-19.311,97.875,2000,167.3,1731.5,2333.4,,,
-19.892,10.251,2000,169.38,1751.6,2333.3,,,
-20.405,11.344,2000,171.52,1765.8,2336.5,,,
-20.603,11.366,2000,172.6,1772.5,2335.4,,,
-20.846,12.103,2000,167.99,1763.6,2343.5,,,
-21.32,12.687,2000,167.89,1768.9,2346.2,,,
-22.019,13.578,2000,171.02,1778.9,2347.2,,,
-21.778,14.23,2000,171.18,1772.7,2350.7,,,
-22.172,14.346,2000,170.1,1773.1,2352,,,
-22.601,15.135,2000,169.6,1768.7,2356.2,,,
-22.786,16.108,2000,171,1763.8,2359.8,,,
-23.514,16.875,2000,169.75,1754.8,2364.4,,,
-24.004,17.1,2000,166.05,1744.6,2368.6,,,
-23.647,17.85,2000,170.93,1747.6,2368.2,,,
-24.544,19.137,2000,171.95,1733.5,2373.1,,,
-24.735,19.497,2000,171.66,1728.4,2375.1,,,
-24.906,20.032,2000,167.87,1715.7,2381.4,,,
-24.962,20.83,2000,168.7,1710.3,2384.7,,,
-25.291,21.276,2000,169.41,1705.2,2386.1,,,
-25.801,22.577,2000,171.09,1693.6,2390.8,,,
-26.172,22.868,2000,171.71,1688.2,2391.3,,,
-26.173,23.047,2000,167.88,1679.9,2395.9,,,
-26.572,23.467,2000,170.16,1675.8,2395.5,,,
-27.38,24.941,2000,170.74,1654.3,2401.7,,,
-27.75,25.6,2000,172.84,1647.4,2402.6,,,
-27.715,26.203,2000,168.23,1635.4,2410.3,,,
-28.066,27.233,2000,167.65,1620.9,2415.9,,,
-28.516,27.54,2000,173.05,1620.1,2411.5,,,
-28.856,27.412,2000,167.75,1603.8,2415.5,,,
-28.972,27.623,2000,167.88,1600.2,2416.3,,,
-29.332,28.132,2000,172.27,1597.1,2414,,,
-29.903,29.794,2000,171.5,1570.6,2422.5,,,
-30.238,31.092,2000,169.03,1548.4,2431.2,,,
-30.781,31.661,2000,168.81,1530.2,2433.2,,,
-31.027,32.226,2000,171.06,1524.3,2433.3,,,
-31.237,32.624,2000,173.48,1520.8,2432.3,,,
-31.729,33.594,2000,169.2,1492.9,2440.5,,,
-32.135,34.112,2000,169.91,1480.2,2441.1,,,
-32.583,34.817,2000,169.52,1463.1,2443.6,,,
-32.647,35.195,2000,169.17,1458.4,2445.8,,,
-32.889,35.967,2000,169.33,1447.5,2448.9,,,
-32.919,37.339,2000,170.09,1439.6,2455.7,,,
-32.899,37.661,2000,170.88,1439.6,2456.8,,,
-33.938,38.242,2000,172.95,1413.7,2452,,,
-34.253,38.802,2000,170.78,1398.5,2455.7,,,
-34.717,39.752,2000,172.02,1383.8,2456.4,,,
-35.472,40.472,2000,166.79,1351.7,2460.3,,,
-35.58,40.69,2000,170.14,1354,2456.4,,,
-35.811,41.601,2000,172.3,1347.4,2457,,,
-35.582,42.136,2000,168.52,1343.1,2467.5,,,
-35.786,42.121,2000,168.3,1337.9,2465.6,,,
-35.788,41.99,2000,172.22,1345.7,2459.8,,,
-35.424,42.072,2000,171.46,1352.7,2465,,,
-35.603,41.835,2000,165.83,1339.4,2468.8,,,
-35.513,41.914,2000,171.49,1351.4,2463.1,,,
-35.501,42.025,2000,173.03,1353.9,2462,,,
-35.382,42.036,2000,166.67,1345.1,2471.1,,,
-35.592,42.004,2000,171.2,1348.5,2463.3,,,
-35.633,41.842,2000,172.66,1351.1,2460,,,
-35.21,40.246,2000,167.74,1361.1,2460.2,,,
-35.664,39.666,2000,167.06,1352,2452.9,,,
-35.444,39.065,2000,170.83,1367.6,2446.7,,,
-35.516,37.917,2000,173.16,1376.7,2435.7,,,
-34.653,37.639,2000,167.24,1388.7,2449.7,,,
-34.198,36.538,2000,169.2,1410.3,2444.4,,,
-34.29,36.069,2000,171.77,1415.6,2437.8,,,
-34.149,35.737,2000,171.7,1421.1,2437,,,
-33.896,35.408,2000,166.03,1418.9,2443.5,,,
-33.852,34.809,2000,170.48,1432.1,2435.1,,,
-33.9,34.073,2000,170.65,1435.9,2430.2,,,
-33.436,33.39,2000,170.95,1453,2429.1,,,
-33.04,32.442,2000,170.56,1469,2426.5,,,
-32.911,31.886,2000,170.11,1475.3,2424.5,,,
-32.94,31.195,2000,170.38,1479.9,2420,,,
-32.534,30.047,2000,166.68,1491.7,2419.7,,,
-32.244,29.512,2000,168.84,1507.5,2415.8,,,
-31.988,29.359,2000,170.17,1518.1,2414.7,,,
-31.852,28.433,2000,169.9,1528.1,2410.4,,,
-32.127,27.782,2000,168.99,1524,2406.4,,,
-31.67,27.139,2000,169.47,1541.9,2404.4,,,
-31.353,25.828,2000,169.76,1560.8,2398.1,,,
-31.333,25.991,2000,169.57,1559.7,2399.3,,,
-30.734,25.256,2000,168.69,1578.6,2398.3,,,
-30.61,24.603,2000,172.66,1594.2,2391.1,,,
-30.241,23.733,2000,170.42,1605.1,2389.8,,,
-30.111,23.012,2000,168.21,1609.1,2388.5,,,
-30.175,22.252,2000,168.43,1613.8,2383.9,,,
-29.722,21.821,2000,171.57,1632.9,2379.6,,,
-29.763,20.988,2000,170.52,1636.2,2376,,,
-29.265,19.98,2000,171.18,1655.3,2371.2,,,
-29.189,19.596,2000,166.99,1651.7,2373.5,,,
-29.237,19.436,2000,170.92,1659.5,2368.5,,,
-29.12,18.008,2000,172.18,1675.4,2359.8,,,
-28.687,17.788,2000,167.18,1676.1,2364.7,,,
-28.458,17.519,2000,170.96,1690.1,2359.9,,,
-28.078,16.382,2000,170.76,1706.8,2354.7,,,
-27.948,15.365,2000,171.25,1719.5,2348.9,,,
-27.875,14.775,2000,169.58,1723.2,2347.6,,,
-27.766,15.019,2000,166.08,1716.3,2352.6,,,
-27.341,13.27,2000,169.47,1748.1,2340.5,,,
-27.257,12.592,2000,170.26,1757.8,2336.1,,,
-26.897,12.239,2000,170.52,1768.4,2334.6,,,
-27.18,11.336,2000,170.46,1771.9,2329.2,,,
-26.85,10.611,2000,171.03,1785.8,2325.2,,,
-26.222,99.923,2000,170.47,1799.8,2323.5,,,
-26.244,91.168,2000,171.74,1809.4,2317.3,,,
-25.918,86.977,2000,166.93,1808,2320.4,,,
-25.736,84.881,2000,168.85,1814.8,2317.6,,,
-25.549,75.533,2000,170.68,1826.5,2310.9,,,
-25.816,72.682,2000,172.06,1829,2307.5,,,
-25.15,61.426,2000,170.92,1838.1,2303.4,,,
-24.955,53.828,2000,170.85,1842.5,2299.6,,,
-24.643,51.034,2000,167.31,1837.8,2302.1,,,
-24.589,4.715,2000,171.48,1846.3,2295.7,,,
-24.993,35.243,2000,170.33,1849.7,2289.6,,,
-24.897,32.779,2000,169.75,1849.3,2289,,,
-24.226,33.735,2000.1,169.01,1844.8,2291.3,,,
-24.091,22.072,2000,170.75,1848,2283.1,,,
-23.253,0.89101,2000,171.88,1837.8,2275.7,,,
-23.551,-0.027725,2000,168.54,1833.3,2273.5,,,
-23.458,-0.49474,2000,167.8,1828.2,2271.8,,,
-23.503,-13.068,2000,171.5,1829.9,2263,,,
-23.165,-14.979,2000,173.08,1824.7,2260.7,,,
-22.976,-18.571,2000,169.54,1811.5,2262.8,,,
-22.469,-32.745,2000,169.54,1781.7,2255.3,,,
-22.473,-37.154,2000,169.37,1774.8,2252.9,,,
-22.128,-41.242,2000,168.38,1754.9,2252.1,,,
-21.836,-50.799,2000,171.87,1733.1,2243.1,,,
-21.64,-58.279,2000,172.22,1708.9,2238.6,,,
-21.398,-67.785,2000,170.13,1667.9,2235.6,,,
-21.081,-67.566,2000,170.52,1654.4,2235.9,,,
-21.06,-7.054,2000,170.47,1644.2,2234.2,,,
-21.165,-73.558,2000,170.2,1639.3,2232.5,,,
-21.312,-7.558,2000,171.55,1644.1,2229.4,,,
-20.917,-69.741,2000,169.62,1637.1,2235.9,,,
-21.574,-5.587,2000,167.4,1700.7,2245.5,,,
-22.002,-57.911,2000,169.23,1717.7,2241.5,,,
-21.851,-45.639,2000,168.72,1737.5,2249.6,,,
-22.055,-39.305,2000,169.27,1757.8,2252.4,,,
-22.323,-33.245,2000,169.21,1776.1,2255.6,,,
-22.625,-3.168,2000,174.47,1796.6,2250.3,,,
-22.517,-23.567,2000,170.03,1796.1,2260.1,,,
-23.227,-12.825,2000,167.4,1818.1,2268,,,
-23.336,-0.8644,2000,168.8,1825.5,2268.7,,,
-23.523,0.028291,2000,171.81,1838.5,2270.4,,,
-23.314,0.67793,2000,171.24,1836.9,2275.1,,,
-23.588,0.88577,2000,168.62,1837.2,2278.6,,,
-24.063,0.79705,2000,167.53,1841.3,2278.5,,,
-23.966,22.358,2000,170.81,1847,2283.4,,,
-24.484,32.914,2000,171.37,1850.3,2288,,,
-24.876,37.102,2000,171.77,1851.1,2289.3,,,
-24.831,47.371,2000,167.05,1839.4,2300.1,,,
-24.937,50.071,2000,169.26,1841.8,2299.1,,,
-25.174,60.798,2000,170.53,1837.8,2303.4,,,
-25.239,68.326,2000,172.28,1835.8,2305.7,,,
-25.446,75.104,2000,168.93,1824.5,2312.6,,,
-25.731,77.538,2000,167.9,1818.9,2314.5,,,
-25.838,82.444,2000,171.26,1820,2313.7,,,
-25.962,91.304,2000,170.04,1809.5,2319.6,,,
-26.026,96.078,2000,169.58,1803.9,2322.6,,,
-26.269,99.995,2000,171.33,1800.7,2322.6,,,
-27.025,11.105,2000,170.33,1776.7,2328.4,,,
-26.807,12.181,2000,166.5,1762.9,2338.5,,,
-27.375,12.763,2000,170.37,1754.1,2336.7,,,
-27.751,13.04,2000,170.87,1744.8,2337,,,
-27.879,13.931,2000,170.72,1733.3,2341.8,,,
-27.142,14.86,2000,170.71,1738.7,2348.2,,,
-27.811,14.853,2000,171.01,1726.5,2346.7,,,
-27.624,15.432,2000,168.96,1720.8,2352.2,,,
-27.73,15.628,2000,168.62,1716.3,2353.4,,,
-28.583,17.425,2000,171.52,1689.5,2358.5,,,
-28.74,18.012,2000,171.04,1680.7,2361.9,,,
-28.812,18.53,2000,171.1,1675.3,2364.4,,,
-28.78,18.471,2000,170.01,1674.3,2365.3,,,
-29.104,19.709,2000,166.59,1651.8,2374.7,,,
-29.679,20.645,2000,170.28,1640.1,2374.6,,,
-29.919,21.083,2000,171.61,1634.3,2375,,,
-29.83,21.372,2000,172,1634.8,2376.4,,,
-29.64,22.392,2000,166.9,1621.5,2387.7,,,
-29.765,23.185,2000,170.8,1620.4,2387.7,,,
-30.33,23.993,2000,171.44,1603,2389.9,,,
-30.891,24.59,2000,172.95,1588.2,2389.7,,,
-30.932,25.66,2000,168.48,1570.2,2400.1,,,
-31.152,26.277,2000,167.95,1558.9,2403.3,,,
-30.991,26.954,2000,169.48,1560.8,2406,,,
-31.284,26.859,2000,173.32,1561.6,2400.4,,,
-31.614,27.857,2000,168.76,1536.5,2409.4,,,
-31.897,28.64,2000,169.03,1523.7,2412.3,,,
-31.83,28.562,2000,168.23,1524.5,2413,,,
-32.355,29.321,2000,171.25,1510.7,2411.6,,,
-32.137,30.648,2000,174.65,1513.5,2416.6,,,
-32.739,31.4,2000,169.64,1482.3,2423.2,,,
-33.1,32.07,2000,169.22,1467.3,2425.4,,,
-33.287,32.625,2000,169.17,1458.5,2427.6,,,
-33.199,33.199,2000,170.88,1460.3,2429.5,,,
-33.534,32.935,2000,170.61,1452.7,2426.1,,,
-33.447,34.792,2000,170.53,1442.8,2437.7,,,
-34.194,35.211,2000,170.19,1420.3,2435.3,,,
-34.441,35.824,2000,170.76,1411.4,2436.3,,,
-34.317,36.129,2000,171.06,1413.3,2438.8,,,
-34.551,36.623,2000,165.76,1394.5,2446.1,,,
-34.836,38.051,2000,170.58,1388,2446.6,,,
-34.308,38.289,2000,171.07,1400.7,2451.9,,,
-35.119,38.982,2000,172.26,1378.8,2447.7,,,
-35.558,40.151,2000,168,1353.6,2455.9,,,
-35.741,41.077,2000,167.1,1342.5,2461,,,
-35.913,41.717,2000,172.11,1344,2456.8,,,
-35.632,42.012,2000,172.87,1350.5,2460.8,,,
-35.623,41.967,2000,166.33,1339.1,2468.8,,,
-35.788,41.7,2000,170.4,1343.9,2460.3,,,
-35.738,41.832,2000,172.96,1349.1,2458.4,,,
-35.631,41.983,2000,167.48,1340.9,2467.4,,,
-35.484,42.08,2000,168.85,1346.4,2467.7,,,
-35.773,41.939,2000,173.21,1348.1,2458.4,,,
-35.642,41.878,2000,169.23,1344.4,2464.4,,,
-35.565,42.011,2000,166.57,1340.7,2469.3,,,
-35.494,41.739,2000,171.34,1352.6,2462.4,,,
-35.451,40.479,2000,172.71,1363,2453.2,,,
-35.944,39.813,2000,166.81,1344,2451,,,
-35.69,39.543,2000,170.64,1358.6,2447.3,,,
-35.347,38.082,2000,172.91,1379.5,2438.9,,,
-35.164,38.517,2000,167.23,1371,2450.5,,,
-35.533,38.057,2000,171.14,1371.7,2438.9,,,
-35.809,36.529,2000,171.3,1373.9,2425.7,,,
-35.564,35.679,2000,170.94,1384.3,2423.7,,,
-35.667,36.036,2000,166.36,1371.2,2430.6,,,
-35.719,34.849,2000,170.63,1384.7,2416.8,,,
-35.708,33.76,2000,171.41,1392.9,2409,,,
-35.701,33.948,2000,171.52,1392.2,2410.1,,,
-35.987,33.452,2000,168.48,1382.2,2407.1,,,
-35.347,31.852,2000,168.13,1407.7,2405.5,,,
-35.077,31.037,2000,170.74,1424.9,2400.2,,,
-34.868,30.956,2000,170.81,1431.1,2402,,,
-34.774,29.86,2000,169.57,1438.5,2397.7,,,
-34.634,29.198,2000,169.93,1447.5,2394.7,,,
-34.665,28.387,2000,169.88,1452.2,2389.4,,,
-34.511,28.064,2000,169.6,1458.2,2389.4,,,
-34.282,27.055,2000,169.44,1471.5,2385.8,,,
-34.285,26.676,2000,169.12,1473.7,2383.8,,,
-34.136,26.107,2000,168.23,1480.4,2382.9,,,
-34.75,25.233,2000,169.31,1472.1,2369.7,,,
-34.392,24.925,2000,174.24,1494.2,2365.9,,,
-34.189,24.476,2000,169.46,1494.1,2371,,,
-34.485,23.739,2000,168.69,1490.1,2364.3,,,
-34.329,23.166,2000,167.86,1497.6,2363.5,,,
-34.009,22.835,2000,171.58,1516.8,2360.4,,,
-33.564,20.956,2000,171.1,1544.3,2354,,,
-33.849,20.546,2000,170.63,1538.9,2349.4,,,
-33.689,19.891,2000,166.28,1540.4,2352,,,
-33.579,19.072,2000,170.39,1558.9,2343.5,,,
-33.662,18.249,2000,170.78,1564.6,2337.5,,,
-33.394,17.793,2000,170.6,1575.5,2337.5,,,
-33.352,17.389,2000,170.18,1579.4,2335.9,,,
-33.378,16.884,2000,171.04,1584.8,2331.8,,,
-33.113,15.774,2000,170.53,1600.4,2328.2,,,
-33.286,14.987,2000,166.23,1594.3,2326.9,,,
-33.298,14.767,2000,169.28,1602,2322.2,,,
-32.905,14.334,2000,170.89,1618.7,2321.2,,,
-33.057,13.893,2000,169.61,1616.3,2318.9,,,
-32.995,12.404,2000,169.67,1630.7,2310.8,,,
-32.822,11.808,2000,169.96,1640.5,2308.5,,,
-32.935,11.249,2000,170.27,1643.1,2304.2,,,
-32.559,10.672,2000,169.92,1656.1,2304.1,,,
-32.882,94.483,2000,169.82,1658.7,2295,,,
-33.186,94.313,2000,170.28,1652.6,2292.2,,,
-32.972,84.966,2000,170.4,1665.8,2288.6,,,
-32.723,79.417,2000,170.34,1676.1,2287.4,,,
-32.532,70.902,2000,169.47,1685.9,2285,,,
-32.253,66.717,2000,169.53,1696,2284.4,,,
-32.557,63.036,2000,169.72,1692.4,2280.3,,,
-32.16,55.452,2000,170.03,1708.7,2278.4,,,
-32.055,49.618,2000,170.17,1716.4,2275.7,,,
-32.447,39.262,2000,170.44,1716.5,2267.8,,,
-32.143,34.551,2000,170.44,1727.8,2267,,,
-32.06,26.914,2000,171.28,1738.1,2262.7,,,
-31.952,20.558,2000,171.49,1746.8,2259.8,,,
-31.836,12.937,2000,170.37,1754.3,2257.4,,,
-31.954,0.9365,2000,167.11,1748.2,2258,,,
-31.549,-0.02832,2000,170.39,1773.6,2251.9,,,
-31.55,-0.82478,2000,172.48,1784.8,2246.1,,,
-31.638,-16.631,2000,171.18,1787.6,2242.8,,,
-31.439,-20.144,2000,167.54,1788.9,2244.7,,,
-31.584,-23.823,2000,168.66,1790.7,2241.5,,,
-31.449,-32.662,2000,172.14,1808.7,2234.9,,,
-30.875,-37.827,2000,172.92,1828.4,2233.1,,,
-31.161,-42.839,2000,167.71,1816,2234.2,,,
-31.168,-49.278,2000,168.52,1822.7,2230.5,,,
-31.474,-62.112,2000,173.55,1835.9,2220.7,,,
-30.95,-62.453,2000,168.48,1837.3,2224.7,,,
-31.211,-71.346,2000,167.74,1837.2,2220.9,,,
-30.828,-7.677,2000,171.98,1855.1,2216,,,
-30.878,-7.576,2000,171.76,1853.4,2216.5,,,
-31.379,-71.024,2000,167.92,1834,2220.7,,,
-30.959,-64.854,2000,168.2,1838.3,2223.8,,,
-31.158,-59.992,2000,172.6,1839.2,2222.6,,,
-30.979,-48.056,2000,168.86,1826.6,2231.2,,,
-31.687,-40.923,2000,168.15,1802.4,2233.5,,,
-31.426,-41.822,2000,173.04,1819.1,2230,,,
-31.733,-35.804,2000,167.43,1795.3,2236.3,,,
-31.59,-25.774,2000,169.97,1794.8,2239.5,,,
-31.346,-12.619,2000,169.8,1788.8,2246.9,,,
-31.411,-0.63503,2000,172.22,1786.2,2247.7,,,
-31.538,-0.051188,2000,169.94,1773.2,2252.2,,,
-31.928,10.338,2000,166.34,1746.5,2259.3,,,
-31.953,0.74174,2000,171.32,1758.1,2253.3,,,
-32.221,0.9429,2000,171.4,1749.7,2253,,,
-31.922,23.771,2000,171.28,1744.3,2261.8,,,
-32.328,33.315,2000,166.01,1715.8,2269.5,,,
-32.273,3.494,2000,169.1,1721.7,2267.8,,,
-32.252,42.023,2000,170.62,1719.1,2270.2,,,
-32.323,50.481,2000,169.44,1707.9,2275.3,,,
-32.09,57.546,2000,170.09,1708.7,2279.9,,,
-32.242,6.266,2000,169.99,1700.6,2281.8,,,
-32.76,69.946,2000,169.96,1682.4,2282.5,,,
-32.77,79.316,2000,170.4,1675.2,2287,,,
-32.601,85.854,2000,170.74,1674.2,2291.4,,,
-32.934,86.204,2000,170.19,1665.2,2289.8,,,
-33.094,93.003,2000,169.19,1653.8,2293.3,,,
-32.645,10.552,2000,169.59,1654.5,2303.2,,,
-33.094,11.044,2000,170.18,1640.9,2301.9,,,
-33.04,11.436,2000,170.1,1638.7,2304.6,,,
-33.141,12.574,2000,168.26,1622.9,2312.1,,,
-33.156,12.864,2000,169.57,1622.6,2312.2,,,
-32.935,13.871,2000,170.71,1621.6,2318.5,,,
-33.141,14.342,2000,171,1613,2319.2,,,
-33.171,15.109,2000,170.61,1604.8,2323.8,,,
-33.429,15.798,2000,169.51,1590,2326.8,,,
-33.591,16.385,2000,171.14,1583.8,2326.9,,,
-34.129,16.535,2000,170.42,1566.3,2323.4,,,
-33.429,17.595,2000,171.27,1577.7,2335.2,,,
-33.664,18.5,2000,171.3,1563.4,2338.4,,,
-33.743,19.237,2000,168.85,1549.8,2344.7,,,
-33.681,19.581,2000,167.66,1546.1,2348.7,,,
-33.701,19.816,2000,172.6,1553.4,2344.3,,,
-33.85,21.206,2000,170.55,1533,2353.4,,,
-33.744,21.888,2000,168.08,1525.3,2361.4,,,
-34.197,22.865,2000,169.79,1507.6,2360.8,,,
-33.928,22.923,2000,173.46,1522.1,2359.5,,,
-34.084,23.516,2000,168.96,1503.8,2366.8,,,
-34.256,24.474,2000,167.66,1488.6,2372.4,,,
-34.537,24.713,2000,174.03,1491.4,2363.3,,,
-34.028,25.645,2000,169.9,1490.2,2379.1,,,
-34.177,26.649,2000,168.47,1475.6,2385.5,,,
-34.617,27.536,2000,168.89,1457.7,2385.9,,,
-34.378,27.544,2000,170.37,1467.1,2386.7,,,
-34.732,28.254,2000,170.12,1451.8,2387.6,,,
-34.554,29.125,2000,170.14,1450.5,2394.8,,,
-34.314,29.098,2000,171.75,1460.3,2395.2,,,
-34.778,30.003,2000,171.07,1440.3,2396.7,,,
-34.971,31.159,2000,169.57,1424.7,2403.7,,,
-34.718,31.768,2000,169.86,1427.9,2409.8,,,
-35.492,32.26,2000,172.32,1409.3,2401,,,
-35.548,33.309,2000,171.07,1399.1,2408.6,,,
-35.504,33.781,2000,166.2,1388.2,2418.3,,,
-35.77,34.24,2000,170.93,1387.6,2411.9,,,
-35.823,34.992,2000,173.18,1386,2413.1,,,
-35.488,35.811,2000,168.18,1380.3,2428.9,,,
-35.703,36.408,2000,167.84,1370.9,2430.6,,,
-35.425,37.179,2000,171.28,1379.7,2434.4,,,
-35.311,38.011,2000,172.68,1380.3,2439.2,,,
-35.732,37.984,2000,166.84,1359.3,2441.7,,,
-35.807,38.737,2000,169.81,1358.7,2441.8,,,
-35.806,39.909,2000,172.43,1357,2446,,,
-35.333,40.487,2000,169.67,1360.3,2458.2,,,
-35.466,41.848,2000,167.21,1345.1,2468.4,,,
-35.58,41.783,2000,172.71,1352.7,2460.1,,,
-35.547,41.775,2000,170.69,1349.9,2462.9,,,
-35.48,41.959,2000,166.92,1343.7,2469.4,,,
-35.419,42.023,2000,171.57,1353.2,2464.6,,,
-35.646,41.927,2000,172.02,1349.1,2461.2,,,
-35.663,41.896,2000,166.43,1338.7,2467.8,,,
-35.575,42.036,2000,171.62,1349.5,2463.1,,,
-35.875,41.754,2000,172.41,1345.2,2457.1,,,
-35.798,41.867,2000,167.29,1337.2,2465.2,,,
-35.646,41.895,2000,170.72,1346.9,2462.6,,,
-36.027,41.709,2000,172.43,1341.9,2455,,,
-35.207,40.854,2000,166.89,1356.3,2465.1,,,
-35.003,39.892,2000,169.75,1371.8,2457.5,,,
-35.586,38.761,2000,173.09,1370,2440.4,,,
-35.949,37.566,2000,166.33,1355.4,2437,,,
-35.904,37.303,2000,171.43,1367.4,2429.3,,,
-35.749,36.593,2000,172.07,1376.5,2425.8,,,
-35.369,36.342,2000,167.5,1378.9,2434.5,,,
-35.283,35.853,2000,169.67,1387.9,2429.6,,,
-35.799,34.314,2000,171.87,1388.2,2410.8,,,
-35.922,33.861,2000,170.73,1385.6,2407.7,,,
-35.364,33.063,2000,165.6,1395,2416.1,,,
-35.674,32.886,2000,171.65,1399.5,2403.5,,,
-35.988,32.012,2000,171.07,1395.8,2394.5,,,
-35.586,31.949,2000,171.27,1406.8,2399.2,,,
-35.521,30.479,2000,168.88,1413.4,2393.7,,,
-35.533,30.013,2000,167.08,1412.7,2392.8,,,
-35.589,29.535,2000,169.43,1418.8,2386.1,,,
-35.688,29.123,2000,169.94,1419.9,2381.6,,,
-35.74,27.385,2000,171.43,1433.1,2368.2,,,
-35.983,26.931,2000,171.08,1429,2362.6,,,
-35.849,26.69,2000,169.61,1431.5,2364.7,,,
-35.951,25.951,2000,168.3,1431.5,2360.4,,,
-35.872,25.005,2000,169.35,1442.5,2354.4,,,
-35.69,24.167,2000,169.79,1454.8,2351.2,,,
-35.743,24.052,2000,168.97,1452.5,2350.8,,,
-35.734,23.797,2000,171.21,1459.1,2346.7,,,
-35.804,23.103,2000,171.97,1464.1,2340.9,,,
-35.8,21.887,2000,168.21,1466.5,2338.1,,,
-35.867,20.487,2000,168.49,1476.7,2328.9,,,
-35.542,20.551,2000,171.74,1492.1,2329.6,,,
-35.833,19.723,2000,172.1,1491.4,2321.2,,,
-35.766,19.224,2000,167.06,1487.6,2324.5,,,
-35.754,18.592,2000,170.35,1500.2,2317.7,,,
-35.457,17.757,2000,171.46,1518.8,2315.3,,,
-35.493,17.176,2000,171.46,1523.1,2311.7,,,
-35.954,16.944,2000,165.52,1499.4,2311.5,,,
-35.827,16.498,2000,171.22,1518.9,2304.8,,,
-35.683,15.448,2000,171.78,1534.2,2300.4,,,
-35.975,14.226,2000,170.85,1535.2,2292.3,,,
-35.599,13.874,2000,170.54,1549.2,2294.3,,,
-35.739,12.867,2000,166.3,1546.2,2291.9,,,
-35.806,12.263,2000,169.93,1557.5,2285.1,,,
-35.615,11.881,2000,169.38,1565.6,2285.4,,,
-35.525,11.372,2000,167.81,1570,2285.1,,,
-35.941,10.333,2000,171.2,1574.9,2274.1,,,
-35.636,99.288,2000,170.27,1585.6,2275.3,,,
-35.921,89.564,2000,168.79,1584,2270,,,
-35.728,83.546,2000,170.12,1597.8,2267.8,,,
-36.064,77.614,1999.9,173.33,1600.7,2260.8,,,
-36.061,74.054,2000,171.9,1601.3,2260.3,,,
-35.867,76.997,2000,170.74,1601.5,2263.6,,,
-35.696,66.754,2000,167.97,1610.2,2262.3,,,
-35.564,64.538,2000,167.4,1614.5,2262.6,,,
-35.649,50.689,2000,168.9,1628,2255.2,,,
-35.68,40.292,2000,169.59,1637.9,2250.4,,,
-35.546,3.352,2000,170.95,1649.8,2247.6,,,
-35.976,30.378,2000,170.06,1640.3,2244.8,,,
-36.046,16.352,2000,170.97,1652.8,2238.8,,,
-35.91,1.148,2000,171.8,1662,2237.2,,,
-35.889,0.35229,2000,170.71,1667.2,2235,,,
-35.92,-0.31721,2000,169.67,1670.1,2233,,,
-35.706,-11.132,2000,172.08,1686.5,2229.8,,,
-36.028,-13.459,2000,166.72,1670.7,2230.6,,,
-35.707,-23.214,2000,169.55,1691.7,2226.9,,,
-35.845,-25.031,2000,171.13,1693.1,2225.1,,,
-35.818,-33.756,2000,171.36,1701.5,2222.1,,,
-35.576,-41.526,2000,170.11,1711.1,2220.9,,,
-35.846,-51.749,2000,166.92,1707.3,2218.2,,,
-36.026,-54.567,2000,169.75,1711,2215.5,,,
-36.128,-58.535,2000,172.26,1716.9,2212.8,,,
-35.928,-63.786,2000,170.67,1722.8,2212.5,,,
-35.697,-76.331,2000,167.5,1732.6,2210.5,,,
-35.826,-80.396,2000,169.07,1736,2208.2,,,
-35.596,-8.177,2000,173.03,1750.2,2206.8,,,
-35.88,-73.337,2000,168.39,1727.5,2210.6,,,
-35.609,-65.296,2000,166.99,1724.3,2214.5,,,
-35.841,-57.231,2000,171.35,1720.5,2214.5,,,
-36.048,-53.223,2000,172.91,1715.5,2214.5,,,
-35.686,-43.486,2000,168.01,1706.1,2220.9,,,
-35.773,-35.186,2000,169.52,1700.1,2222.7,,,
-35.713,-3.374,2000,172.31,1705.7,2222,,,
-35.42,-27.115,2000,171.39,1705.1,2225.7,,,
-35.798,-23.449,2000,166.8,1684.5,2227.9,,,
-35.648,-13.367,2000,170.62,1686.9,2230,,,
-35.54,-0.2022,2000,170.62,1679.8,2234.5,,,
-35.646,-0.072532,2000,171.42,1677.8,2234.1,,,
-35.733,0.64931,2000,170.69,1668.2,2236.7,,,
-35.718,14.605,2000,170.53,1661.3,2239.8,,,
-35.777,20.975,2000,166.5,1646.5,2244.3,,,
-35.676,31.302,2000,171.32,1649.4,2245.9,,,
-35.781,30.432,2000,170.03,1645,2245.8,,,
-35.601,36.189,2000,170.36,1645,2248.7,,,
-35.666,47.291,2000,170.46,1633.7,2252.7,,,
-35.706,53.362,2000,169.83,1625.9,2255.4,,,
-35.763,62.098,2000,171.64,1620.1,2257.4,,,
-35.99,67.642,2000,166.62,1598.8,2261.7,,,
-35.855,75.139,2000,169.7,1601.5,2263.6,,,
-35.44,85.112,2000,170.05,1604,2270.6,,,
-36.144,87.733,2000,170.5,1582.9,2266.4,,,
-35.799,91.843,2000,170.99,1589.7,2270.2,,,
-35.612,98.536,2000,170.35,1587.2,2275.1,,,
-35.731,10.594,2000,170.55,1577.1,2277.4,,,
-35.706,11.502,2000,169.36,1566.6,2282.9,,,
-35.45,11.909,2000,169.9,1571.1,2286.6,,,
-36.002,12.227,2000,169.94,1552,2283.3,,,
-36.092,12.833,2000,170.32,1544.2,2285,,,
-35.773,14.058,2000,170.33,1541.8,2293.8,,,
-35.911,14.747,2000,170.69,1531.8,2295.6,,,
-35.933,15.241,2000,170.27,1525.6,2298.2,,,
-35.855,16.124,2000,170.81,1520.7,2303,,,
-35.707,17.204,2000,168,1509.4,2313.1,,,
-35.853,17.426,2000,167.05,1501.1,2313.6,,,
-35.737,18.143,2000,169.43,1502.9,2316.4,,,
-35.707,18.943,2000,170.95,1499.7,2319.5,,,
-35.643,19.119,2000,171.63,1501.4,2320.5,,,
-35.735,19.247,2000,171.51,1497.3,2320.3,,,
-35.848,20.221,2000,167.3,1477.1,2328.9,,,
-35.963,21.717,2000,171.15,1468.9,2331.8,,,
-35.88,22.465,2000,171.68,1466.4,2336.6,,,
-35.701,22.884,2000,168.15,1461.2,2345.3,,,
-35.732,22.704,2000,168.13,1461.7,2343.9,,,
-35.499,23.225,2000,173.33,1474.5,2343.9,,,
-35.848,24.437,2000,168.42,1445.6,2352.4,,,
-35.603,25.29,2000,168.49,1446.2,2360.7,,,
-35.964,26.245,2000,172.34,1436.8,2357.1,,,
-35.63,26.884,2000,170.96,1438.7,2367.1,,,
-35.507,27.983,2000,170.03,1432.6,2376.7,,,
-35.502,27.887,2000,170.12,1433.5,2376.1,,,
-35.506,28.761,2000,169.87,1427,2381.8,,,
-35.817,29.137,2000,170.71,1417.8,2379,,,
-35.895,29.304,2000,170.18,1413.7,2379.7,,,
-35.464,30.63,2000,170.27,1416.5,2393.6,,,
-35.937,31.422,2000,172.13,1402.7,2390,,,
-35.671,31.843,1999.9,170.33,1403.6,2398.6,,,
-35.727,32.542,2000,166.79,1391.2,2406.8,,,
-35.55,33.25,2000,170.79,1398.9,2408.5,,,
-35.774,34.153,2000,171.6,1389.2,2410.4,,,
-35.781,34.983,2000,172.35,1385.6,2414.7,,,
-35.604,35.084,2000,166.5,1378.5,2425,,,
-35.306,35.848,2000,169.98,1388,2428.9,,,
-35.79,36.494,2000,172.56,1376.9,2424,,,
-35.303,37.763,2000,170.81,1378.5,2440,,,
-35.371,38.402,2000,165.97,1364.2,2449.3,,,
-35.71,38.159,2000,171.53,1367.5,2437.1,,,
-35.671,39.262,2000,172.41,1363.9,2443.5,,,
-35.603,39.899,2000,165.7,1349.7,2456.7,,,
-35.502,41.053,2000,170.95,1355.4,2458.5,,,
-35.606,41.91,2000,173.28,1352.5,2459.9,,,
-35.426,41.809,2000,167.48,1346.8,2468.3,,,
-35.388,41.965,2000,168.9,1349.4,2467.8,,,
-35.454,41.778,2000,171.92,1354.4,2462.3,,,
-35.854,41.846,1999.9,170.29,1341.4,2460.6,,,
-35.5,42.037,2000,166.24,1341.5,2470.5,,,
-35.475,42.129,2000,172.65,1353.3,2463.4,,,
-35.59,42.012,2000,172.37,1350.6,2461.9,,,
